image_path,emotion
1093.jpg,sad
304.jpg,sad
2077.jpg,happy
2816.jpg,uncertain
556.jpg,anger
3884.jpg,uncertain
950.jpg,neutral
4574.jpg,happy
4968.jpg,anger
1958.jpg,surprise
1651.jpg,contempt
1513.jpg,surprise
2081.jpg,fear
1262.jpg,happy
3591.jpg,anger
3975.jpg,anger
3490.jpg,surprise
2608.jpg,uncertain
3242.jpg,uncertain
1147.jpg,sad
4782.jpg,fear
4629.jpg,fear
3936.jpg,neutral
1662.jpg,fear
3844.jpg,contempt
3719.jpg,fear
2106.jpg,fear
1676.jpg,surprise
1679.jpg,neutral
3324.jpg,happy
4784.jpg,neutral
457.jpg,surprise
4192.jpg,uncertain
4408.jpg,surprise
3996.jpg,happy
3760.jpg,uncertain
4485.jpg,fear
3827.jpg,surprise
4412.jpg,contempt
1890.jpg,happy
1232.jpg,fear
75.jpg,happy
3185.jpg,anger
4112.jpg,neutral
4095.jpg,sad
3174.jpg,uncertain
908.jpg,sad
3961.jpg,sad
4444.jpg,anger
2232.jpg,anger
668.jpg,neutral
4403.jpg,anger
4933.jpg,neutral
2757.jpg,anger
3306.jpg,neutral
3762.jpg,anger
2998.jpg,neutral
3029.jpg,surprise
3359.jpg,contempt
3449.jpg,sad
2032.jpg,surprise
4263.jpg,surprise
4228.jpg,anger
3575.jpg,contempt
4308.jpg,fear
1340.jpg,fear
2507.jpg,anger
1978.jpg,anger
4213.jpg,sad
4424.jpg,contempt
700.jpg,anger
4772.jpg,sad
1663.jpg,happy
570.jpg,anger
2521.jpg,anger
2693.jpg,sad
357.jpg,anger
1750.jpg,surprise
585.jpg,uncertain
3498.jpg,surprise
2320.jpg,happy
3605.jpg,neutral
2897.jpg,uncertain
1601.jpg,neutral
2042.jpg,happy
1411.jpg,anger
927.jpg,surprise
4548.jpg,surprise
55.jpg,contempt
2991.jpg,fear
3676.jpg,sad
3280.jpg,fear
981.jpg,anger
2931.jpg,surprise
3687.jpg,disgust
2557.jpg,neutral
3113.jpg,anger
2113.jpg,happy
3804.jpg,fear
4922.jpg,uncertain
2731.jpg,anger
1063.jpg,uncertain
2496.jpg,neutral
4948.jpg,anger
3374.jpg,anger
4434.jpg,disgust
4976.jpg,uncertain
317.jpg,fear
2423.jpg,anger
4056.jpg,uncertain
244.jpg,disgust
27.jpg,neutral
1818.jpg,happy
797.jpg,sad
609.jpg,uncertain
274.jpg,happy
2414.jpg,sad
727.jpg,contempt
1718.jpg,contempt
394.jpg,contempt
2052.jpg,sad
3001.jpg,surprise
2229.jpg,anger
3803.jpg,fear
520.jpg,surprise
3470.jpg,fear
705.jpg,sad
2162.jpg,happy
1488.jpg,neutral
213.jpg,sad
3618.jpg,fear
537.jpg,neutral
3442.jpg,fear
3275.jpg,surprise
2020.jpg,neutral
2389.jpg,contempt
593.jpg,uncertain
3641.jpg,contempt
4960.jpg,anger
2202.jpg,uncertain
4814.jpg,sad
1542.jpg,fear
992.jpg,surprise
975.jpg,neutral
986.jpg,anger
294.jpg,anger
332.jpg,uncertain
2254.jpg,anger
2918.jpg,uncertain
4145.jpg,anger
2826.jpg,uncertain
3624.jpg,neutral
1000.jpg,happy
4736.jpg,anger
325.jpg,contempt
2746.jpg,disgust
4788.jpg,fear
3407.jpg,disgust
2188.jpg,sad
1330.jpg,uncertain
2883.jpg,happy
4026.jpg,uncertain
88.jpg,sad
1198.jpg,sad
1845.jpg,surprise
1806.jpg,uncertain
4577.jpg,uncertain
4092.jpg,sad
1859.jpg,fear
2528.jpg,happy
176.jpg,surprise
2580.jpg,fear
2440.jpg,happy
2329.jpg,anger
3417.jpg,sad
1687.jpg,disgust
868.jpg,sad
2912.jpg,fear
3334.jpg,uncertain
2607.jpg,sad
851.jpg,anger
3523.jpg,sad
1520.jpg,surprise
2958.jpg,anger
2405.jpg,sad
1741.jpg,surprise
4635.jpg,neutral
3081.jpg,fear
747.jpg,contempt
3111.jpg,contempt
2512.jpg,surprise
785.jpg,contempt
1634.jpg,sad
578.jpg,sad
3195.jpg,contempt
833.jpg,uncertain
4172.jpg,surprise
523.jpg,neutral
2643.jpg,contempt
3604.jpg,sad
2881.jpg,uncertain
1543.jpg,happy
3271.jpg,fear
4537.jpg,uncertain
2786.jpg,happy
356.jpg,fear
3344.jpg,surprise
458.jpg,sad
2351.jpg,fear
3236.jpg,anger
26.jpg,surprise
1065.jpg,anger
2676.jpg,fear
4052.jpg,uncertain
1418.jpg,uncertain
2038.jpg,sad
2016.jpg,anger
3741.jpg,surprise
3281.jpg,uncertain
3093.jpg,anger
4650.jpg,anger
1576.jpg,surprise
2830.jpg,fear
403.jpg,sad
2455.jpg,anger
2284.jpg,anger
4058.jpg,uncertain
3984.jpg,anger
866.jpg,contempt
936.jpg,surprise
3168.jpg,anger
2784.jpg,fear
4888.jpg,anger
3625.jpg,uncertain
1305.jpg,surprise
2246.jpg,sad
1292.jpg,uncertain
924.jpg,contempt
2524.jpg,sad
2930.jpg,anger
3350.jpg,anger
4769.jpg,surprise
2892.jpg,anger
2248.jpg,happy
4569.jpg,fear
367.jpg,anger
142.jpg,surprise
2028.jpg,anger
2702.jpg,sad
3126.jpg,happy
1020.jpg,uncertain
1204.jpg,sad
712.jpg,anger
4270.jpg,uncertain
4050.jpg,surprise
4452.jpg,anger
3663.jpg,sad
248.jpg,sad
4828.jpg,fear
4827.jpg,sad
2468.jpg,sad
2361.jpg,anger
106.jpg,happy
230.jpg,surprise
16.jpg,sad
2871.jpg,sad
3870.jpg,happy
2289.jpg,happy
970.jpg,anger
3748.jpg,fear
1914.jpg,surprise
3143.jpg,anger
3127.jpg,surprise
4242.jpg,disgust
2847.jpg,contempt
2392.jpg,contempt
3718.jpg,fear
3686.jpg,sad
47.jpg,neutral
569.jpg,surprise
4596.jpg,anger
159.jpg,anger
3877.jpg,surprise
4742.jpg,surprise
3913.jpg,uncertain
3648.jpg,happy
782.jpg,surprise
2078.jpg,anger
2181.jpg,anger
2772.jpg,anger
1263.jpg,uncertain
201.jpg,sad
4552.jpg,neutral
1881.jpg,anger
2149.jpg,anger
1087.jpg,anger
3571.jpg,sad
2386.jpg,anger
4686.jpg,surprise
420.jpg,neutral
4131.jpg,uncertain
1130.jpg,sad
1422.jpg,anger
1055.jpg,fear
4028.jpg,happy
648.jpg,uncertain
961.jpg,uncertain
1166.jpg,happy
4266.jpg,uncertain
2979.jpg,surprise
2965.jpg,uncertain
1875.jpg,surprise
2018.jpg,anger
2535.jpg,fear
10.jpg,anger
4955.jpg,uncertain
2047.jpg,happy
1568.jpg,uncertain
3545.jpg,happy
1018.jpg,sad
4029.jpg,surprise
2656.jpg,surprise
210.jpg,anger
4199.jpg,surprise
3381.jpg,surprise
4764.jpg,sad
492.jpg,happy
3443.jpg,uncertain
2131.jpg,uncertain
646.jpg,neutral
2307.jpg,surprise
243.jpg,surprise
1871.jpg,uncertain
2146.jpg,surprise
3439.jpg,happy
4344.jpg,contempt
902.jpg,neutral
519.jpg,surprise
3432.jpg,sad
3038.jpg,uncertain
3830.jpg,anger
3237.jpg,anger
141.jpg,uncertain
3878.jpg,sad
2516.jpg,surprise
3409.jpg,surprise
3833.jpg,sad
189.jpg,happy
4040.jpg,happy
3430.jpg,neutral
1835.jpg,disgust
3151.jpg,contempt
4482.jpg,surprise
2695.jpg,surprise
1518.jpg,surprise
4780.jpg,sad
1535.jpg,sad
1895.jpg,uncertain
1715.jpg,anger
407.jpg,uncertain
4304.jpg,fear
1278.jpg,uncertain
3755.jpg,uncertain
3479.jpg,fear
3465.jpg,contempt
2896.jpg,surprise
4919.jpg,anger
2818.jpg,fear
4961.jpg,neutral
2898.jpg,surprise
1564.jpg,neutral
3842.jpg,anger
133.jpg,sad
2711.jpg,anger
601.jpg,surprise
3124.jpg,anger
2525.jpg,surprise
751.jpg,anger
1502.jpg,neutral
1343.jpg,anger
4633.jpg,anger
1569.jpg,happy
3444.jpg,uncertain
596.jpg,sad
1583.jpg,surprise
2085.jpg,sad
3933.jpg,anger
334.jpg,anger
1003.jpg,sad
1001.jpg,uncertain
4053.jpg,neutral
3903.jpg,uncertain
2840.jpg,neutral
4497.jpg,anger
2185.jpg,surprise
51.jpg,surprise
461.jpg,anger
3296.jpg,uncertain
3378.jpg,anger
37.jpg,surprise
2382.jpg,sad
4347.jpg,uncertain
4750.jpg,surprise
378.jpg,neutral
745.jpg,anger
1040.jpg,sad
3187.jpg,uncertain
4668.jpg,surprise
1588.jpg,surprise
3787.jpg,surprise
3154.jpg,anger
2559.jpg,happy
2866.jpg,uncertain
4149.jpg,contempt
365.jpg,neutral
468.jpg,happy
226.jpg,neutral
4183.jpg,sad
2220.jpg,anger
2565.jpg,anger
1837.jpg,fear
590.jpg,sad
4988.jpg,surprise
3011.jpg,anger
4640.jpg,uncertain
1156.jpg,anger
1095.jpg,anger
3853.jpg,neutral
4341.jpg,uncertain
4126.jpg,surprise
256.jpg,sad
1654.jpg,neutral
4437.jpg,contempt
655.jpg,uncertain
3302.jpg,happy
4443.jpg,sad
3431.jpg,uncertain
185.jpg,uncertain
2859.jpg,sad
1004.jpg,surprise
4702.jpg,uncertain
2639.jpg,anger
2600.jpg,uncertain
2767.jpg,surprise
3136.jpg,happy
4353.jpg,contempt
127.jpg,uncertain
4461.jpg,contempt
1613.jpg,happy
2882.jpg,contempt
3472.jpg,uncertain
4125.jpg,uncertain
1620.jpg,neutral
4904.jpg,uncertain
1317.jpg,neutral
2716.jpg,sad
3814.jpg,contempt
2187.jpg,uncertain
1058.jpg,fear
2161.jpg,anger
3675.jpg,neutral
112.jpg,surprise
2666.jpg,surprise
53.jpg,anger
4236.jpg,sad
2092.jpg,uncertain
4886.jpg,neutral
2984.jpg,fear
370.jpg,surprise
3238.jpg,surprise
179.jpg,surprise
4479.jpg,surprise
1413.jpg,surprise
3735.jpg,uncertain
1686.jpg,anger
2094.jpg,surprise
114.jpg,happy
1594.jpg,surprise
3957.jpg,anger
4688.jpg,neutral
4297.jpg,contempt
145.jpg,sad
3931.jpg,sad
962.jpg,uncertain
3317.jpg,neutral
1882.jpg,surprise
2304.jpg,fear
587.jpg,happy
638.jpg,uncertain
2551.jpg,sad
379.jpg,surprise
1199.jpg,contempt
4184.jpg,sad
2087.jpg,sad
4984.jpg,uncertain
3738.jpg,sad
2893.jpg,uncertain
2230.jpg,happy
2473.jpg,sad
2795.jpg,uncertain
2560.jpg,surprise
1633.jpg,uncertain
3382.jpg,neutral
645.jpg,anger
4132.jpg,contempt
559.jpg,sad
1924.jpg,neutral
1367.jpg,surprise
431.jpg,surprise
4120.jpg,uncertain
4836.jpg,anger
533.jpg,anger
1942.jpg,neutral
4000.jpg,surprise
2890.jpg,fear
3533.jpg,anger
2720.jpg,sad
3606.jpg,fear
2909.jpg,neutral
3106.jpg,anger
4168.jpg,surprise
2299.jpg,surprise
3860.jpg,neutral
4445.jpg,fear
2945.jpg,surprise
2098.jpg,anger
4398.jpg,anger
3247.jpg,sad
996.jpg,happy
623.jpg,fear
1173.jpg,sad
616.jpg,fear
4119.jpg,sad
1674.jpg,contempt
4111.jpg,sad
2475.jpg,sad
78.jpg,uncertain
4711.jpg,sad
971.jpg,surprise
2637.jpg,contempt
1685.jpg,surprise
2960.jpg,anger
14.jpg,neutral
4597.jpg,neutral
1763.jpg,surprise
2807.jpg,disgust
2776.jpg,neutral
1652.jpg,anger
3022.jpg,uncertain
386.jpg,uncertain
3376.jpg,anger
3440.jpg,uncertain
2027.jpg,anger
1333.jpg,happy
83.jpg,anger
1820.jpg,anger
1410.jpg,sad
2911.jpg,fear
4685.jpg,neutral
3852.jpg,fear
1117.jpg,surprise
1660.jpg,uncertain
3751.jpg,surprise
2742.jpg,surprise
3041.jpg,contempt
3299.jpg,anger
576.jpg,uncertain
3819.jpg,anger
4914.jpg,happy
2258.jpg,sad
3295.jpg,anger
3254.jpg,neutral
3778.jpg,uncertain
1350.jpg,fear
1794.jpg,happy
2556.jpg,sad
4379.jpg,anger
4816.jpg,uncertain
2180.jpg,surprise
2026.jpg,uncertain
3916.jpg,uncertain
276.jpg,surprise
2437.jpg,uncertain
1041.jpg,happy
1421.jpg,sad
3987.jpg,contempt
2602.jpg,happy
2616.jpg,happy
2125.jpg,contempt
2110.jpg,fear
4449.jpg,anger
4289.jpg,fear
4036.jpg,uncertain
1704.jpg,neutral
2237.jpg,anger
3228.jpg,anger
4844.jpg,sad
490.jpg,contempt
477.jpg,sad
2083.jpg,contempt
1445.jpg,sad
3475.jpg,surprise
1980.jpg,surprise
3153.jpg,sad
1997.jpg,surprise
3035.jpg,happy
4588.jpg,anger
707.jpg,anger
726.jpg,contempt
1347.jpg,disgust
622.jpg,anger
1703.jpg,fear
3680.jpg,surprise
2259.jpg,surprise
4794.jpg,surprise
861.jpg,sad
3196.jpg,surprise
4624.jpg,fear
2373.jpg,anger
2845.jpg,uncertain
804.jpg,surprise
427.jpg,fear
4425.jpg,uncertain
419.jpg,sad
4908.jpg,uncertain
4738.jpg,uncertain
3564.jpg,surprise
3540.jpg,uncertain
2703.jpg,happy
1469.jpg,contempt
4394.jpg,neutral
1717.jpg,sad
4455.jpg,neutral
4450.jpg,sad
2430.jpg,contempt
3979.jpg,uncertain
2811.jpg,surprise
1137.jpg,happy
660.jpg,disgust
399.jpg,sad
2707.jpg,anger
4958.jpg,uncertain
789.jpg,fear
262.jpg,anger
864.jpg,uncertain
2072.jpg,sad
1842.jpg,surprise
876.jpg,anger
1911.jpg,uncertain
539.jpg,fear
574.jpg,anger
3867.jpg,happy
2064.jpg,contempt
4387.jpg,anger
1856.jpg,anger
1318.jpg,neutral
2865.jpg,uncertain
3854.jpg,sad
2573.jpg,surprise
2635.jpg,uncertain
859.jpg,sad
4891.jpg,uncertain
1047.jpg,uncertain
3666.jpg,sad
4262.jpg,sad
2324.jpg,fear
3897.jpg,contempt
658.jpg,uncertain
2576.jpg,uncertain
4967.jpg,fear
3588.jpg,anger
3072.jpg,happy
2747.jpg,anger
1675.jpg,sad
3626.jpg,sad
2925.jpg,contempt
3543.jpg,disgust
4447.jpg,surprise
3383.jpg,fear
62.jpg,surprise
3890.jpg,surprise
148.jpg,anger
444.jpg,fear
481.jpg,surprise
4871.jpg,neutral
3506.jpg,contempt
1908.jpg,fear
1547.jpg,neutral
3338.jpg,uncertain
643.jpg,happy
3116.jpg,anger
4539.jpg,anger
2283.jpg,contempt
4977.jpg,happy
368.jpg,anger
4336.jpg,surprise
2761.jpg,anger
1451.jpg,fear
2086.jpg,sad
887.jpg,neutral
4292.jpg,anger
3513.jpg,sad
314.jpg,fear
4727.jpg,anger
104.jpg,anger
77.jpg,neutral
3983.jpg,surprise
4190.jpg,disgust
470.jpg,uncertain
4064.jpg,uncertain
4306.jpg,sad
4157.jpg,anger
4766.jpg,contempt
2682.jpg,sad
847.jpg,uncertain
1702.jpg,contempt
3008.jpg,anger
761.jpg,uncertain
2626.jpg,surprise
1692.jpg,happy
3757.jpg,neutral
105.jpg,anger
3122.jpg,fear
2719.jpg,fear
1523.jpg,neutral
1096.jpg,anger
4655.jpg,contempt
4402.jpg,anger
989.jpg,anger
964.jpg,anger
190.jpg,anger
4101.jpg,contempt
1758.jpg,anger
762.jpg,fear
4087.jpg,anger
1153.jpg,anger
742.jpg,uncertain
4088.jpg,uncertain
4916.jpg,anger
1899.jpg,uncertain
2779.jpg,uncertain
4890.jpg,contempt
2206.jpg,uncertain
2460.jpg,surprise
2318.jpg,anger
3410.jpg,disgust
528.jpg,sad
4696.jpg,surprise
2717.jpg,anger
2326.jpg,uncertain
654.jpg,anger
3739.jpg,fear
916.jpg,surprise
3075.jpg,happy
3322.jpg,surprise
500.jpg,uncertain
2764.jpg,sad
211.jpg,contempt
739.jpg,sad
4124.jpg,surprise
4918.jpg,happy
3323.jpg,happy
3235.jpg,sad
960.jpg,fear
308.jpg,anger
2268.jpg,surprise
3628.jpg,neutral
4701.jpg,surprise
2119.jpg,contempt
3824.jpg,happy
3385.jpg,uncertain
2402.jpg,happy
2710.jpg,surprise
3309.jpg,sad
4005.jpg,sad
1680.jpg,uncertain
3835.jpg,fear
3386.jpg,uncertain
4493.jpg,fear
2800.jpg,happy
874.jpg,sad
1.jpg,neutral
479.jpg,anger
4578.jpg,uncertain
1284.jpg,fear
2785.jpg,surprise
4791.jpg,disgust
154.jpg,happy
2276.jpg,anger
1656.jpg,uncertain
2526.jpg,surprise
3477.jpg,surprise
137.jpg,sad
1098.jpg,anger
1738.jpg,fear
2374.jpg,happy
4954.jpg,anger
1541.jpg,anger
1781.jpg,neutral
3098.jpg,uncertain
3768.jpg,uncertain
3590.jpg,contempt
4333.jpg,anger
258.jpg,anger
3294.jpg,anger
515.jpg,disgust
4858.jpg,anger
881.jpg,anger
3473.jpg,surprise
2197.jpg,neutral
4484.jpg,anger
708.jpg,sad
1892.jpg,surprise
3388.jpg,surprise
2815.jpg,contempt
331.jpg,anger
2019.jpg,anger
2566.jpg,disgust
1507.jpg,fear
1322.jpg,anger
2715.jpg,surprise
3782.jpg,happy
2727.jpg,surprise
4369.jpg,happy
1733.jpg,surprise
3689.jpg,surprise
1447.jpg,neutral
2012.jpg,happy
3553.jpg,anger
4963.jpg,anger
3832.jpg,neutral
2487.jpg,sad
636.jpg,uncertain
2118.jpg,anger
3715.jpg,uncertain
3371.jpg,uncertain
991.jpg,uncertain
1277.jpg,surprise
4397.jpg,uncertain
3408.jpg,anger
3530.jpg,anger
1960.jpg,surprise
1877.jpg,uncertain
3010.jpg,fear
4081.jpg,surprise
1872.jpg,neutral
3057.jpg,neutral
413.jpg,surprise
2261.jpg,happy
2990.jpg,uncertain
4973.jpg,sad
4106.jpg,anger
4725.jpg,uncertain
1245.jpg,uncertain
956.jpg,surprise
4942.jpg,anger
315.jpg,neutral
1893.jpg,happy
1467.jpg,surprise
633.jpg,fear
220.jpg,fear
1802.jpg,anger
843.jpg,contempt
783.jpg,anger
1252.jpg,uncertain
3889.jpg,sad
3531.jpg,sad
1811.jpg,uncertain
4693.jpg,neutral
2518.jpg,fear
1481.jpg,uncertain
606.jpg,anger
266.jpg,neutral
188.jpg,contempt
87.jpg,fear
1136.jpg,uncertain
2404.jpg,sad
4042.jpg,anger
1126.jpg,surprise
653.jpg,anger
3673.jpg,neutral
592.jpg,uncertain
1823.jpg,anger
1323.jpg,neutral
2667.jpg,contempt
4256.jpg,fear
3464.jpg,anger
4007.jpg,contempt
2636.jpg,anger
1722.jpg,anger
663.jpg,sad
3284.jpg,uncertain
4254.jpg,surprise
4486.jpg,anger
3048.jpg,neutral
3613.jpg,fear
2810.jpg,sad
2454.jpg,anger
2796.jpg,anger
3020.jpg,contempt
341.jpg,happy
149.jpg,neutral
3565.jpg,uncertain
123.jpg,neutral
3550.jpg,neutral
3709.jpg,sad
2788.jpg,sad
4418.jpg,surprise
402.jpg,uncertain
2926.jpg,happy
4966.jpg,neutral
900.jpg,neutral
4328.jpg,anger
4166.jpg,surprise
2061.jpg,neutral
2056.jpg,uncertain
1123.jpg,uncertain
2461.jpg,happy
4660.jpg,sad
2885.jpg,disgust
604.jpg,surprise
3661.jpg,contempt
4709.jpg,disgust
1458.jpg,surprise
3213.jpg,sad
1050.jpg,happy
3799.jpg,anger
2234.jpg,fear
3559.jpg,surprise
1281.jpg,surprise
424.jpg,contempt
320.jpg,sad
3831.jpg,uncertain
364.jpg,anger
4678.jpg,surprise
3795.jpg,fear
3200.jpg,surprise
3401.jpg,anger
1935.jpg,sad
2138.jpg,uncertain
4721.jpg,uncertain
4515.jpg,contempt
3700.jpg,contempt
1462.jpg,surprise
1887.jpg,surprise
3249.jpg,contempt
1793.jpg,surprise
2588.jpg,sad
272.jpg,surprise
805.jpg,surprise
4907.jpg,neutral
2613.jpg,sad
207.jpg,sad
1192.jpg,fear
4243.jpg,anger
3146.jpg,neutral
1023.jpg,anger
1326.jpg,anger
779.jpg,surprise
768.jpg,contempt
235.jpg,anger
283.jpg,surprise
3219.jpg,contempt
1562.jpg,neutral
673.jpg,surprise
3859.jpg,uncertain
4051.jpg,contempt
639.jpg,surprise
1275.jpg,sad
3411.jpg,neutral
759.jpg,sad
3095.jpg,anger
1879.jpg,surprise
2777.jpg,surprise
2553.jpg,neutral
3637.jpg,surprise
1366.jpg,anger
3526.jpg,surprise
49.jpg,contempt
38.jpg,anger
4046.jpg,happy
3909.jpg,uncertain
721.jpg,contempt
4571.jpg,surprise
2459.jpg,anger
4204.jpg,neutral
1026.jpg,anger
1812.jpg,neutral
3069.jpg,surprise
2400.jpg,contempt
1005.jpg,neutral
2696.jpg,sad
1584.jpg,sad
3603.jpg,surprise
1578.jpg,happy
640.jpg,sad
1100.jpg,anger
3248.jpg,anger
4208.jpg,uncertain
1691.jpg,uncertain
2520.jpg,uncertain
4551.jpg,neutral
4441.jpg,uncertain
2488.jpg,happy
3182.jpg,anger
2759.jpg,anger
3211.jpg,uncertain
323.jpg,anger
4143.jpg,anger
3786.jpg,anger
1357.jpg,happy
11.jpg,anger
2429.jpg,neutral
4500.jpg,uncertain
1682.jpg,anger
4404.jpg,uncertain
4255.jpg,anger
4059.jpg,anger
3105.jpg,happy
1699.jpg,surprise
1554.jpg,surprise
828.jpg,surprise
4579.jpg,surprise
4395.jpg,surprise
4857.jpg,anger
2450.jpg,anger
3489.jpg,happy
4819.jpg,uncertain
2163.jpg,surprise
3990.jpg,contempt
1157.jpg,uncertain
4462.jpg,contempt
967.jpg,fear
4792.jpg,surprise
1344.jpg,sad
1782.jpg,fear
1740.jpg,surprise
2752.jpg,fear
4476.jpg,surprise
1888.jpg,neutral
982.jpg,uncertain
1953.jpg,uncertain
385.jpg,sad
4565.jpg,anger
4130.jpg,happy
1993.jpg,fear
2718.jpg,sad
1619.jpg,sad
2504.jpg,neutral
3745.jpg,sad
2143.jpg,sad
3441.jpg,contempt
4526.jpg,sad
1919.jpg,anger
1240.jpg,contempt
2629.jpg,fear
4194.jpg,anger
2812.jpg,uncertain
1771.jpg,neutral
1638.jpg,anger
2787.jpg,sad
3668.jpg,anger
1189.jpg,happy
2134.jpg,sad
4411.jpg,contempt
1716.jpg,contempt
2941.jpg,neutral
3781.jpg,anger
4286.jpg,anger
3045.jpg,contempt
1549.jpg,neutral
119.jpg,happy
4451.jpg,disgust
3932.jpg,uncertain
4448.jpg,sad
2508.jpg,sad
2929.jpg,anger
2132.jpg,surprise
3702.jpg,uncertain
2572.jpg,contempt
196.jpg,contempt
4807.jpg,anger
3685.jpg,anger
626.jpg,surprise
4646.jpg,uncertain
4808.jpg,uncertain
2740.jpg,surprise
1400.jpg,happy
2250.jpg,uncertain
3677.jpg,anger
4913.jpg,neutral
295.jpg,anger
2071.jpg,neutral
3561.jpg,sad
4150.jpg,anger
2652.jpg,happy
2837.jpg,anger
4630.jpg,fear
54.jpg,disgust
895.jpg,uncertain
2364.jpg,contempt
4560.jpg,anger
4927.jpg,contempt
3746.jpg,disgust
3627.jpg,happy
4280.jpg,neutral
1754.jpg,sad
1186.jpg,anger
1202.jpg,anger
4283.jpg,surprise
3429.jpg,fear
4719.jpg,fear
4393.jpg,anger
4511.jpg,surprise
3572.jpg,fear
878.jpg,fear
822.jpg,neutral
3617.jpg,contempt
4928.jpg,anger
1150.jpg,uncertain
60.jpg,happy
4331.jpg,happy
3767.jpg,surprise
4786.jpg,happy
4903.jpg,sad
987.jpg,anger
4508.jpg,sad
4380.jpg,uncertain
2687.jpg,anger
3485.jpg,happy
150.jpg,surprise
4930.jpg,uncertain
2891.jpg,uncertain
4.jpg,contempt
74.jpg,contempt
2522.jpg,happy
2937.jpg,anger
816.jpg,uncertain
2346.jpg,sad
3651.jpg,contempt
4638.jpg,neutral
3974.jpg,anger
2290.jpg,anger
2895.jpg,sad
1106.jpg,surprise
994.jpg,uncertain
1412.jpg,sad
326.jpg,happy
478.jpg,contempt
200.jpg,surprise
3551.jpg,fear
2673.jpg,surprise
1762.jpg,sad
1821.jpg,neutral
1351.jpg,sad
2633.jpg,surprise
872.jpg,sad
3037.jpg,disgust
4986.jpg,uncertain
170.jpg,sad
3427.jpg,happy
3611.jpg,sad
3416.jpg,sad
3982.jpg,anger
3218.jpg,sad
4812.jpg,surprise
2323.jpg,anger
354.jpg,uncertain
4643.jpg,neutral
4670.jpg,happy
2128.jpg,fear
369.jpg,uncertain
2569.jpg,anger
3806.jpg,uncertain
3267.jpg,uncertain
1521.jpg,uncertain
3525.jpg,surprise
4761.jpg,sad
111.jpg,disgust
801.jpg,fear
3132.jpg,happy
4338.jpg,uncertain
2679.jpg,contempt
4550.jpg,fear
3630.jpg,anger
8.jpg,happy
1697.jpg,sad
4041.jpg,neutral
784.jpg,uncertain
3184.jpg,anger
3512.jpg,sad
4389.jpg,sad
2406.jpg,surprise
4505.jpg,disgust
1916.jpg,contempt
690.jpg,uncertain
410.jpg,sad
3462.jpg,uncertain
2735.jpg,surprise
3907.jpg,anger
2182.jpg,anger
2111.jpg,happy
2509.jpg,uncertain
3771.jpg,anger
3784.jpg,uncertain
4936.jpg,anger
4625.jpg,sad
250.jpg,surprise
249.jpg,anger
3074.jpg,anger
2797.jpg,uncertain
4383.jpg,surprise
4302.jpg,fear
4681.jpg,anger
2434.jpg,anger
1747.jpg,happy
4867.jpg,uncertain
3361.jpg,neutral
940.jpg,uncertain
4079.jpg,surprise
538.jpg,anger
3847.jpg,happy
1810.jpg,fear
3118.jpg,fear
2240.jpg,neutral
131.jpg,sad
84.jpg,contempt
1780.jpg,contempt
4239.jpg,anger
4703.jpg,anger
4543.jpg,uncertain
2095.jpg,happy
440.jpg,anger
915.jpg,neutral
2451.jpg,neutral
3264.jpg,contempt
1970.jpg,sad
787.jpg,happy
4710.jpg,neutral
4043.jpg,sad
808.jpg,uncertain
1429.jpg,surprise
813.jpg,surprise
2568.jpg,neutral
297.jpg,contempt
518.jpg,anger
2638.jpg,uncertain
85.jpg,uncertain
1632.jpg,anger
3977.jpg,anger
3052.jpg,uncertain
35.jpg,anger
3959.jpg,sad
3495.jpg,happy
3562.jpg,anger
2272.jpg,neutral
3163.jpg,sad
2238.jpg,fear
275.jpg,sad
97.jpg,disgust
3055.jpg,surprise
4878.jpg,uncertain
4012.jpg,uncertain
180.jpg,surprise
3811.jpg,contempt
4320.jpg,anger
118.jpg,anger
1834.jpg,happy
2245.jpg,contempt
4875.jpg,sad
2730.jpg,sad
3076.jpg,disgust
781.jpg,uncertain
825.jpg,sad
2690.jpg,uncertain
2511.jpg,uncertain
3483.jpg,contempt
1289.jpg,uncertain
4626.jpg,happy
4873.jpg,sad
4519.jpg,uncertain
662.jpg,sad
1045.jpg,happy
493.jpg,neutral
300.jpg,anger
361.jpg,sad
3051.jpg,happy
3173.jpg,anger
2411.jpg,contempt
2034.jpg,sad
4556.jpg,neutral
1944.jpg,contempt
81.jpg,anger
2970.jpg,contempt
931.jpg,surprise
2116.jpg,surprise
4694.jpg,sad
4245.jpg,neutral
2049.jpg,sad
4777.jpg,anger
3963.jpg,neutral
1744.jpg,fear
3315.jpg,sad
3649.jpg,happy
1103.jpg,fear
1324.jpg,uncertain
4667.jpg,sad
2538.jpg,uncertain
1399.jpg,happy
269.jpg,anger
1369.jpg,anger
4091.jpg,anger
1603.jpg,anger
2165.jpg,anger
4281.jpg,surprise
2771.jpg,sad
4175.jpg,contempt
1617.jpg,disgust
1430.jpg,happy
2260.jpg,anger
4110.jpg,surprise
2470.jpg,surprise
3406.jpg,sad
2399.jpg,contempt
3094.jpg,happy
4365.jpg,happy
4856.jpg,sad
775.jpg,sad
3023.jpg,fear
3209.jpg,disgust
1164.jpg,surprise
3736.jpg,surprise
2104.jpg,anger
4934.jpg,surprise
4017.jpg,anger
4771.jpg,anger
3908.jpg,contempt
4310.jpg,anger
2819.jpg,uncertain
438.jpg,anger
1446.jpg,anger
2310.jpg,surprise
3393.jpg,contempt
1912.jpg,surprise
4863.jpg,sad
763.jpg,sad
4507.jpg,anger
4566.jpg,sad
3243.jpg,surprise
2175.jpg,happy
339.jpg,uncertain
3926.jpg,uncertain
1880.jpg,uncertain
1827.jpg,uncertain
3025.jpg,fear
2122.jpg,sad
1434.jpg,neutral
140.jpg,sad
2880.jpg,uncertain
3857.jpg,surprise
18.jpg,fear
1974.jpg,contempt
255.jpg,happy
1627.jpg,neutral
2923.jpg,contempt
3898.jpg,uncertain
4386.jpg,anger
2514.jpg,contempt
2527.jpg,uncertain
4897.jpg,happy
1992.jpg,sad
4545.jpg,surprise
4314.jpg,uncertain
765.jpg,contempt
3945.jpg,anger
652.jpg,uncertain
2806.jpg,anger
946.jpg,sad
4008.jpg,sad
2280.jpg,contempt
1669.jpg,contempt
728.jpg,neutral
2445.jpg,surprise
1312.jpg,uncertain
1805.jpg,anger
4100.jpg,uncertain
2571.jpg,surprise
629.jpg,anger
1054.jpg,anger
1851.jpg,anger
2876.jpg,surprise
466.jpg,sad
299.jpg,uncertain
2253.jpg,happy
3556.jpg,sad
1225.jpg,surprise
144.jpg,fear
1129.jpg,happy
4334.jpg,surprise
3316.jpg,sad
4636.jpg,disgust
3596.jpg,anger
2285.jpg,contempt
1480.jpg,anger
4133.jpg,anger
1678.jpg,happy
3481.jpg,neutral
3488.jpg,anger
1359.jpg,uncertain
3468.jpg,neutral
171.jpg,surprise
3058.jpg,contempt
1767.jpg,surprise
4853.jpg,neutral
3988.jpg,anger
1269.jpg,anger
1801.jpg,uncertain
1561.jpg,anger
279.jpg,neutral
4011.jpg,anger
3103.jpg,surprise
744.jpg,anger
2215.jpg,uncertain
1037.jpg,fear
2133.jpg,happy
1201.jpg,happy
328.jpg,surprise
3791.jpg,uncertain
2705.jpg,fear
2359.jpg,surprise
2842.jpg,contempt
1363.jpg,uncertain
2394.jpg,sad
4581.jpg,surprise
4265.jpg,fear
2393.jpg,sad
3823.jpg,anger
4713.jpg,anger
901.jpg,anger
1552.jpg,fear
865.jpg,contempt
2594.jpg,anger
3396.jpg,contempt
4075.jpg,sad
713.jpg,uncertain
1580.jpg,uncertain
2266.jpg,fear
4707.jpg,anger
4410.jpg,anger
1219.jpg,uncertain
2096.jpg,contempt
2157.jpg,anger
1238.jpg,uncertain
4859.jpg,contempt
2955.jpg,anger
2828.jpg,uncertain
1134.jpg,surprise
2648.jpg,sad
3391.jpg,happy
480.jpg,surprise
4345.jpg,happy
445.jpg,fear
2651.jpg,anger
3112.jpg,anger
841.jpg,sad
1618.jpg,anger
3899.jpg,anger
3102.jpg,sad
1522.jpg,anger
4824.jpg,anger
4481.jpg,sad
1437.jpg,fear
3027.jpg,surprise
4838.jpg,neutral
1721.jpg,uncertain
3205.jpg,surprise
3563.jpg,fear
2962.jpg,sad
798.jpg,uncertain
2137.jpg,surprise
4134.jpg,uncertain
236.jpg,sad
635.jpg,contempt
2145.jpg,fear
1222.jpg,sad
4829.jpg,uncertain
4559.jpg,anger
1559.jpg,uncertain
3269.jpg,sad
2900.jpg,surprise
4964.jpg,surprise
3456.jpg,happy
2726.jpg,anger
831.jpg,contempt
4502.jpg,fear
3511.jpg,anger
2356.jpg,surprise
3032.jpg,uncertain
3593.jpg,uncertain
1876.jpg,sad
2625.jpg,uncertain
4206.jpg,uncertain
1285.jpg,neutral
2903.jpg,anger
1271.jpg,sad
178.jpg,uncertain
2577.jpg,neutral
2490.jpg,anger
4200.jpg,neutral
1210.jpg,sad
911.jpg,surprise
4869.jpg,sad
2101.jpg,surprise
2357.jpg,uncertain
4931.jpg,neutral
1213.jpg,surprise
1858.jpg,happy
2579.jpg,sad
3592.jpg,uncertain
166.jpg,surprise
2231.jpg,anger
1214.jpg,uncertain
3115.jpg,surprise
4038.jpg,neutral
773.jpg,anger
3445.jpg,anger
3756.jpg,happy
312.jpg,happy
4326.jpg,sad
1743.jpg,sad
2944.jpg,sad
1280.jpg,sad
4219.jpg,surprise
1776.jpg,uncertain
4996.jpg,anger
417.jpg,sad
2834.jpg,neutral
2242.jpg,anger
4899.jpg,contempt
204.jpg,sad
4078.jpg,anger
4616.jpg,uncertain
1377.jpg,sad
2006.jpg,anger
2849.jpg,surprise
1227.jpg,sad
3880.jpg,surprise
3348.jpg,sad
3289.jpg,uncertain
1209.jpg,neutral
4979.jpg,uncertain
2332.jpg,surprise
1135.jpg,surprise
1710.jpg,anger
1139.jpg,anger
285.jpg,anger
4440.jpg,fear
1348.jpg,contempt
1266.jpg,sad
2114.jpg,uncertain
4592.jpg,neutral
102.jpg,happy
29.jpg,anger
1294.jpg,neutral
2412.jpg,sad
4943.jpg,sad
4553.jpg,fear
4912.jpg,surprise
3783.jpg,anger
4982.jpg,neutral
2167.jpg,surprise
4147.jpg,sad
2293.jpg,sad
499.jpg,sad
2672.jpg,sad
3615.jpg,uncertain
2982.jpg,anger
418.jpg,sad
346.jpg,uncertain
2531.jpg,anger
2928.jpg,uncertain
2585.jpg,uncertain
4883.jpg,surprise
3421.jpg,neutral
3573.jpg,happy
4851.jpg,happy
222.jpg,uncertain
1586.jpg,anger
3148.jpg,sad
4619.jpg,surprise
39.jpg,neutral
2661.jpg,sad
4971.jpg,uncertain
3117.jpg,happy
2194.jpg,surprise
3681.jpg,disgust
3978.jpg,fear
2670.jpg,anger
4460.jpg,anger
2347.jpg,happy
2995.jpg,happy
1105.jpg,fear
4467.jpg,uncertain
3662.jpg,anger
770.jpg,contempt
4152.jpg,happy
1848.jpg,happy
3049.jpg,neutral
1597.jpg,contempt
1258.jpg,surprise
1368.jpg,uncertain
225.jpg,sad
1977.jpg,sad
4737.jpg,neutral
4618.jpg,disgust
612.jpg,fear
3994.jpg,sad
997.jpg,anger
2908.jpg,anger
156.jpg,sad
4663.jpg,uncertain
2415.jpg,fear
4850.jpg,sad
748.jpg,sad
536.jpg,uncertain
1239.jpg,anger
57.jpg,anger
4538.jpg,uncertain
3862.jpg,contempt
1068.jpg,uncertain
802.jpg,happy
2481.jpg,neutral
2263.jpg,neutral
1752.jpg,anger
1734.jpg,anger
164.jpg,anger
603.jpg,anger
3920.jpg,uncertain
103.jpg,fear
2706.jpg,fear
3161.jpg,surprise
2265.jpg,neutral
355.jpg,anger
3950.jpg,surprise
3436.jpg,fear
1328.jpg,surprise
1713.jpg,uncertain
2483.jpg,happy
4811.jpg,sad
4572.jpg,anger
436.jpg,surprise
4523.jpg,uncertain
3454.jpg,neutral
3363.jpg,surprise
1081.jpg,fear
1268.jpg,disgust
2620.jpg,happy
360.jpg,anger
4874.jpg,uncertain
388.jpg,disgust
4203.jpg,contempt
3298.jpg,fear
637.jpg,surprise
2164.jpg,uncertain
2039.jpg,fear
261.jpg,happy
3997.jpg,fear
3499.jpg,fear
4604.jpg,sad
947.jpg,happy
4332.jpg,happy
1249.jpg,surprise
4691.jpg,anger
2604.jpg,anger
2205.jpg,surprise
13.jpg,neutral
1731.jpg,surprise
1454.jpg,uncertain
3487.jpg,neutral
3003.jpg,surprise
2315.jpg,uncertain
3405.jpg,happy
752.jpg,neutral
1907.jpg,anger
2428.jpg,surprise
3009.jpg,anger
4864.jpg,contempt
600.jpg,neutral
3529.jpg,surprise
2367.jpg,surprise
1205.jpg,uncertain
2331.jpg,uncertain
3207.jpg,contempt
3699.jpg,neutral
4055.jpg,neutral
3887.jpg,anger
2499.jpg,uncertain
4775.jpg,neutral
452.jpg,surprise
4549.jpg,surprise
4726.jpg,anger
2117.jpg,neutral
2603.jpg,surprise
4705.jpg,sad
286.jpg,contempt
4760.jpg,surprise
553.jpg,uncertain
1265.jpg,happy
2872.jpg,sad
99.jpg,anger
1118.jpg,anger
1163.jpg,neutral
977.jpg,happy
1940.jpg,surprise
4741.jpg,uncertain
2218.jpg,fear
608.jpg,fear
618.jpg,anger
2948.jpg,uncertain
1212.jpg,uncertain
4601.jpg,anger
4840.jpg,anger
4210.jpg,surprise
543.jpg,surprise
1272.jpg,sad
1309.jpg,contempt
288.jpg,happy
2634.jpg,fear
3156.jpg,sad
740.jpg,surprise
333.jpg,anger
1902.jpg,fear
4654.jpg,happy
3534.jpg,fear
736.jpg,anger
3720.jpg,anger
4932.jpg,uncertain
2870.jpg,surprise
4759.jpg,fear
383.jpg,happy
2353.jpg,anger
734.jpg,uncertain
280.jpg,sad
4468.jpg,happy
867.jpg,anger
922.jpg,anger
384.jpg,anger
3276.jpg,fear
4317.jpg,happy
1086.jpg,anger
1362.jpg,surprise
265.jpg,sad
3585.jpg,surprise
3876.jpg,disgust
3737.jpg,happy
2491.jpg,anger
3246.jpg,happy
3998.jpg,contempt
4714.jpg,anger
347.jpg,uncertain
1785.jpg,disgust
2485.jpg,fear
3326.jpg,sad
1903.jpg,anger
4547.jpg,happy
582.jpg,disgust
2152.jpg,anger
1432.jpg,happy
706.jpg,surprise
3028.jpg,fear
2851.jpg,contempt
4205.jpg,sad
2873.jpg,anger
3194.jpg,contempt
1440.jpg,fear
2279.jpg,happy
2303.jpg,surprise
3773.jpg,anger
3888.jpg,contempt
3225.jpg,neutral
2458.jpg,anger
4221.jpg,anger
1288.jpg,uncertain
910.jpg,anger
934.jpg,happy
2282.jpg,anger
4116.jpg,neutral
909.jpg,anger
2877.jpg,uncertain
3353.jpg,surprise
1689.jpg,fear
933.jpg,contempt
1894.jpg,anger
2383.jpg,sad
2040.jpg,surprise
4154.jpg,anger
129.jpg,sad
945.jpg,surprise
1626.jpg,anger
979.jpg,sad
2366.jpg,disgust
44.jpg,contempt
4846.jpg,sad
33.jpg,surprise
2610.jpg,disgust
4920.jpg,anger
441.jpg,uncertain
2003.jpg,contempt
3285.jpg,sad
3796.jpg,anger
1833.jpg,anger
3594.jpg,happy
3047.jpg,surprise
199.jpg,surprise
2489.jpg,contempt
4139.jpg,contempt
2233.jpg,happy
2987.jpg,neutral
1059.jpg,contempt
4312.jpg,anger
4456.jpg,surprise
3250.jpg,sad
2427.jpg,anger
3349.jpg,surprise
3538.jpg,surprise
428.jpg,uncertain
4848.jpg,uncertain
3816.jpg,contempt
4671.jpg,anger
3846.jpg,sad
465.jpg,anger
3434.jpg,sad
2589.jpg,surprise
1807.jpg,happy
3985.jpg,sad
649.jpg,surprise
2983.jpg,anger
4715.jpg,surprise
3510.jpg,contempt
3428.jpg,anger
2513.jpg,sad
1017.jpg,uncertain
3790.jpg,fear
3658.jpg,sad
2766.jpg,sad
2060.jpg,anger
4138.jpg,uncertain
2748.jpg,anger
163.jpg,anger
2943.jpg,sad
4915.jpg,anger
1853.jpg,neutral
562.jpg,sad
2142.jpg,anger
2689.jpg,uncertain
3390.jpg,fear
1979.jpg,surprise
278.jpg,sad
2641.jpg,anger
547.jpg,surprise
1143.jpg,neutral
3924.jpg,neutral
233.jpg,uncertain
4700.jpg,anger
289.jpg,anger
1460.jpg,surprise
3043.jpg,anger
1300.jpg,sad
435.jpg,neutral
954.jpg,anger
1921.jpg,contempt
3422.jpg,disgust
3774.jpg,fear
423.jpg,disgust
1197.jpg,fear
2435.jpg,uncertain
3761.jpg,sad
3818.jpg,surprise
627.jpg,surprise
871.jpg,anger
3070.jpg,surprise
3849.jpg,sad
3373.jpg,neutral
1082.jpg,anger
976.jpg,uncertain
2011.jpg,uncertain
2327.jpg,happy
1862.jpg,neutral
1034.jpg,surprise
1943.jpg,neutral
929.jpg,surprise
2750.jpg,fear
838.jpg,anger
870.jpg,happy
2036.jpg,uncertain
4521.jpg,sad
1929.jpg,uncertain
1270.jpg,contempt
50.jpg,sad
3451.jpg,fear
2612.jpg,sad
2447.jpg,sad
1179.jpg,uncertain
1069.jpg,sad
3304.jpg,contempt
3466.jpg,disgust
1308.jpg,contempt
3071.jpg,happy
3535.jpg,neutral
1729.jpg,anger
72.jpg,anger
3491.jpg,surprise
4169.jpg,contempt
2241.jpg,contempt
3918.jpg,sad
1499.jpg,happy
1154.jpg,happy
2298.jpg,disgust
932.jpg,anger
1726.jpg,anger
3252.jpg,contempt
495.jpg,happy
2708.jpg,anger
913.jpg,uncertain
4770.jpg,sad
2457.jpg,anger
2100.jpg,neutral
5.jpg,anger
4463.jpg,uncertain
216.jpg,happy
247.jpg,surprise
2763.jpg,surprise
860.jpg,anger
632.jpg,anger
1108.jpg,fear
2024.jpg,uncertain
1967.jpg,surprise
2660.jpg,uncertain
120.jpg,sad
4806.jpg,fear
425.jpg,uncertain
1503.jpg,anger
3256.jpg,contempt
2105.jpg,uncertain
338.jpg,uncertain
4023.jpg,sad
4730.jpg,contempt
4121.jpg,happy
4156.jpg,happy
3542.jpg,sad
4611.jpg,uncertain
3301.jpg,neutral
2409.jpg,contempt
4359.jpg,surprise
296.jpg,happy
914.jpg,surprise
3375.jpg,sad
3599.jpg,sad
3639.jpg,anger
3973.jpg,happy
2160.jpg,neutral
1714.jpg,surprise
3868.jpg,contempt
3934.jpg,surprise
614.jpg,surprise
2295.jpg,surprise
3519.jpg,uncertain
4377.jpg,neutral
2388.jpg,fear
743.jpg,fear
4855.jpg,uncertain
4753.jpg,anger
3812.jpg,anger
3962.jpg,contempt
3120.jpg,contempt
1646.jpg,uncertain
251.jpg,uncertain
2029.jpg,surprise
1742.jpg,neutral
319.jpg,sad
4723.jpg,anger
2044.jpg,sad
3579.jpg,contempt
1319.jpg,contempt
1538.jpg,anger
767.jpg,anger
3216.jpg,sad
408.jpg,uncertain
2805.jpg,anger
1814.jpg,surprise
2547.jpg,neutral
541.jpg,anger
3424.jpg,anger
3838.jpg,contempt
583.jpg,fear
2474.jpg,sad
4987.jpg,anger
2505.jpg,anger
2723.jpg,happy
1891.jpg,disgust
2697.jpg,uncertain
2683.jpg,sad
1283.jpg,surprise
1838.jpg,happy
214.jpg,surprise
4234.jpg,happy
1878.jpg,sad
3016.jpg,anger
2213.jpg,surprise
1435.jpg,disgust
4661.jpg,fear
421.jpg,sad
1457.jpg,neutral
3582.jpg,neutral
2344.jpg,neutral
136.jpg,happy
3549.jpg,happy
3940.jpg,contempt
2492.jpg,neutral
305.jpg,uncertain
890.jpg,sad
1874.jpg,anger
132.jpg,happy
3966.jpg,uncertain
4773.jpg,fear
3725.jpg,anger
2005.jpg,anger
434.jpg,happy
1616.jpg,anger
3601.jpg,contempt
4174.jpg,uncertain
3989.jpg,happy
1937.jpg,contempt
4212.jpg,disgust
688.jpg,surprise
4798.jpg,sad
1730.jpg,contempt
1981.jpg,happy
2758.jpg,happy
4790.jpg,anger
2902.jpg,anger
2291.jpg,sad
830.jpg,neutral
1988.jpg,anger
749.jpg,contempt
2794.jpg,fear
3779.jpg,uncertain
4176.jpg,uncertain
3455.jpg,uncertain
2170.jpg,sad
4385.jpg,happy
2857.jpg,fear
695.jpg,contempt
4089.jpg,happy
4237.jpg,surprise
2431.jpg,contempt
4562.jpg,contempt
776.jpg,contempt
1383.jpg,surprise
4799.jpg,neutral
4431.jpg,surprise
3713.jpg,anger
730.jpg,uncertain
4544.jpg,uncertain
3955.jpg,uncertain
2365.jpg,contempt
1901.jpg,contempt
121.jpg,anger
4241.jpg,sad
268.jpg,surprise
2054.jpg,sad
2013.jpg,sad
1022.jpg,fear
714.jpg,anger
875.jpg,surprise
3643.jpg,uncertain
3283.jpg,fear
696.jpg,anger
686.jpg,uncertain
2765.jpg,fear
3291.jpg,surprise
2287.jpg,anger
4488.jpg,surprise
2736.jpg,fear
2671.jpg,happy
4360.jpg,sad
2631.jpg,contempt
561.jpg,anger
718.jpg,anger
2169.jpg,contempt
1608.jpg,sad
2471.jpg,contempt
691.jpg,anger
4776.jpg,uncertain
1403.jpg,anger
817.jpg,uncertain
4428.jpg,fear
2350.jpg,contempt
1013.jpg,fear
4745.jpg,sad
501.jpg,neutral
2091.jpg,happy
2754.jpg,contempt
2581.jpg,uncertain
3912.jpg,sad
3807.jpg,neutral
165.jpg,sad
1182.jpg,surprise
447.jpg,uncertain
526.jpg,surprise
3861.jpg,happy
2046.jpg,anger
540.jpg,disgust
4656.jpg,anger
2416.jpg,happy
2741.jpg,sad
362.jpg,sad
2037.jpg,fear
240.jpg,contempt
350.jpg,sad
4238.jpg,uncertain
56.jpg,anger
4586.jpg,surprise
2961.jpg,uncertain
287.jpg,sad
4748.jpg,uncertain
2189.jpg,anger
4384.jpg,anger
3829.jpg,surprise
1596.jpg,happy
4631.jpg,surprise
3496.jpg,happy
921.jpg,sad
30.jpg,uncertain
467.jpg,anger
3965.jpg,sad
3017.jpg,fear
3150.jpg,fear
4322.jpg,happy
4144.jpg,neutral
4216.jpg,contempt
1172.jpg,contempt
4470.jpg,happy
656.jpg,fear
4024.jpg,neutral
1364.jpg,sad
4747.jpg,anger
3896.jpg,neutral
4698.jpg,neutral
1933.jpg,surprise
1696.jpg,happy
4522.jpg,anger
3537.jpg,uncertain
2976.jpg,contempt
1883.jpg,fear
1545.jpg,surprise
263.jpg,uncertain
1668.jpg,sad
1831.jpg,fear
811.jpg,fear
3595.jpg,uncertain
1727.jpg,surprise
4031.jpg,fear
3308.jpg,surprise
3297.jpg,fear
2004.jpg,uncertain
4037.jpg,uncertain
1735.jpg,anger
4407.jpg,sad
531.jpg,disgust
557.jpg,contempt
430.jpg,contempt
1719.jpg,surprise
152.jpg,fear
1866.jpg,happy
4724.jpg,surprise
4140.jpg,happy
2713.jpg,anger
3670.jpg,fear
3245.jpg,anger
1024.jpg,fear
3268.jpg,sad
4278.jpg,neutral
1384.jpg,uncertain
395.jpg,neutral
1035.jpg,uncertain
0.jpg,sad
3492.jpg,surprise
3044.jpg,uncertain
780.jpg,sad
1587.jpg,uncertain
1423.jpg,happy
2597.jpg,neutral
3763.jpg,uncertain
2257.jpg,uncertain
4164.jpg,uncertain
1071.jpg,sad
667.jpg,sad
1060.jpg,contempt
2775.jpg,happy
2519.jpg,uncertain
3240.jpg,uncertain
3956.jpg,surprise
3331.jpg,surprise
426.jpg,uncertain
1725.jpg,fear
1609.jpg,happy
390.jpg,fear
4258.jpg,disgust
1711.jpg,neutral
965.jpg,sad
113.jpg,contempt
4016.jpg,sad
897.jpg,neutral
2168.jpg,uncertain
1015.jpg,happy
1749.jpg,uncertain
4679.jpg,fear
172.jpg,uncertain
3230.jpg,happy
2144.jpg,surprise
377.jpg,neutral
336.jpg,contempt
2850.jpg,anger
1396.jpg,fear
389.jpg,anger
1495.jpg,anger
4104.jpg,sad
4392.jpg,anger
460.jpg,sad
2846.jpg,neutral
750.jpg,happy
3516.jpg,contempt
3061.jpg,sad
4893.jpg,contempt
2321.jpg,happy
832.jpg,uncertain
1991.jpg,surprise
1581.jpg,surprise
128.jpg,sad
4349.jpg,surprise
1246.jpg,anger
24.jpg,anger
4085.jpg,surprise
4658.jpg,sad
3177.jpg,anger
1857.jpg,neutral
2236.jpg,surprise
2183.jpg,happy
3684.jpg,fear
565.jpg,surprise
3412.jpg,happy
3858.jpg,sad
552.jpg,anger
4580.jpg,neutral
391.jpg,uncertain
3798.jpg,surprise
1260.jpg,uncertain
1397.jpg,uncertain
1142.jpg,anger
641.jpg,sad
4063.jpg,anger
4226.jpg,surprise
1819.jpg,sad
2368.jpg,uncertain
1948.jpg,uncertain
3157.jpg,surprise
23.jpg,anger
3066.jpg,fear
1707.jpg,sad
3716.jpg,uncertain
2396.jpg,disgust
4756.jpg,sad
2097.jpg,surprise
1088.jpg,surprise
1010.jpg,fear
1120.jpg,anger
3053.jpg,surprise
3389.jpg,uncertain
904.jpg,happy
692.jpg,uncertain
2783.jpg,sad
2614.jpg,anger
2041.jpg,surprise
3292.jpg,sad
535.jpg,sad
2858.jpg,surprise
2264.jpg,uncertain
4188.jpg,contempt
2860.jpg,fear
4229.jpg,surprise
4758.jpg,uncertain
2390.jpg,neutral
3203.jpg,neutral
549.jpg,contempt
2093.jpg,anger
4141.jpg,fear
4350.jpg,surprise
1388.jpg,fear
3305.jpg,contempt
2668.jpg,anger
4587.jpg,disgust
2548.jpg,surprise
2647.jpg,fear
631.jpg,anger
3345.jpg,happy
3958.jpg,uncertain
2583.jpg,anger
810.jpg,contempt
3822.jpg,contempt
2575.jpg,surprise
234.jpg,anger
1085.jpg,surprise
2178.jpg,anger
1925.jpg,happy
2554.jpg,happy
4291.jpg,uncertain
999.jpg,surprise
1012.jpg,uncertain
3224.jpg,contempt
3258.jpg,uncertain
2372.jpg,surprise
4754.jpg,surprise
3234.jpg,surprise
4669.jpg,neutral
1976.jpg,anger
3508.jpg,neutral
796.jpg,anger
2662.jpg,uncertain
1291.jpg,anger
1748.jpg,surprise
4020.jpg,happy
1167.jpg,fear
3621.jpg,anger
679.jpg,uncertain
3631.jpg,surprise
4793.jpg,fear
753.jpg,anger
2532.jpg,uncertain
488.jpg,anger
2562.jpg,surprise
2208.jpg,sad
143.jpg,uncertain
3135.jpg,fear
3917.jpg,uncertain
1673.jpg,surprise
676.jpg,contempt
4082.jpg,anger
2959.jpg,neutral
1873.jpg,fear
2724.jpg,neutral
205.jpg,happy
2738.jpg,surprise
809.jpg,uncertain
657.jpg,fear
392.jpg,anger
3129.jpg,fear
3261.jpg,uncertain
2606.jpg,neutral
4217.jpg,uncertain
758.jpg,fear
2832.jpg,sad
2623.jpg,sad
2009.jpg,sad
563.jpg,happy
3874.jpg,sad
647.jpg,surprise
717.jpg,anger
3357.jpg,neutral
2274.jpg,fear
1191.jpg,anger
449.jpg,surprise
195.jpg,uncertain
4259.jpg,contempt
3980.jpg,disgust
2296.jpg,fear
1628.jpg,sad
2186.jpg,anger
1553.jpg,anger
1540.jpg,sad
4366.jpg,anger
1336.jpg,uncertain
1080.jpg,anger
3062.jpg,sad
2155.jpg,fear
4189.jpg,happy
2778.jpg,fear
2417.jpg,surprise
454.jpg,uncertain
4070.jpg,sad
3731.jpg,uncertain
1918.jpg,anger
2421.jpg,contempt
3460.jpg,happy
1091.jpg,fear
4293.jpg,uncertain
3223.jpg,surprise
1482.jpg,uncertain
3282.jpg,uncertain
3459.jpg,uncertain
1307.jpg,anger
231.jpg,sad
581.jpg,uncertain
4647.jpg,contempt
4098.jpg,contempt
2545.jpg,contempt
4563.jpg,anger
409.jpg,anger
110.jpg,anger
2426.jpg,happy
1162.jpg,fear
1849.jpg,sad
3073.jpg,happy
3759.jpg,anger
1701.jpg,sad
577.jpg,surprise
3612.jpg,sad
1301.jpg,surprise
4405.jpg,happy
1409.jpg,surprise
168.jpg,neutral
892.jpg,uncertain
19.jpg,sad
4165.jpg,uncertain
4361.jpg,surprise
4557.jpg,sad
3180.jpg,sad
482.jpg,uncertain
4222.jpg,anger
850.jpg,fear
1688.jpg,anger
1110.jpg,surprise
3609.jpg,sad
2751.jpg,anger
3817.jpg,fear
3972.jpg,contempt
3497.jpg,uncertain
3873.jpg,happy
588.jpg,contempt
2709.jpg,sad
1778.jpg,surprise
4375.jpg,uncertain
494.jpg,anger
2942.jpg,fear
560.jpg,fear
4567.jpg,fear
4680.jpg,surprise
1299.jpg,happy
4115.jpg,neutral
4118.jpg,anger
1431.jpg,sad
2193.jpg,uncertain
2244.jpg,uncertain
3967.jpg,sad
3598.jpg,happy
1002.jpg,contempt
2674.jpg,anger
65.jpg,neutral
1639.jpg,anger
840.jpg,uncertain
4978.jpg,surprise
3088.jpg,neutral
353.jpg,anger
238.jpg,anger
277.jpg,anger
4583.jpg,uncertain
3337.jpg,anger
993.jpg,happy
2466.jpg,uncertain
4757.jpg,sad
4109.jpg,uncertain
2065.jpg,fear
3114.jpg,uncertain
2076.jpg,surprise
4532.jpg,fear
2939.jpg,contempt
4094.jpg,uncertain
1493.jpg,neutral
2338.jpg,fear
1508.jpg,uncertain
1512.jpg,anger
4382.jpg,surprise
2080.jpg,sad
4975.jpg,contempt
4313.jpg,neutral
450.jpg,uncertain
3085.jpg,sad
527.jpg,anger
4749.jpg,uncertain
3369.jpg,surprise
271.jpg,uncertain
1472.jpg,surprise
694.jpg,contempt
2136.jpg,surprise
4945.jpg,surprise
1671.jpg,surprise
2330.jpg,neutral
64.jpg,anger
2021.jpg,surprise
4207.jpg,uncertain
3170.jpg,uncertain
3671.jpg,uncertain
1112.jpg,contempt
2753.jpg,surprise
2378.jpg,happy
1642.jpg,contempt
3364.jpg,neutral
2121.jpg,surprise
599.jpg,contempt
3399.jpg,anger
1453.jpg,fear
4171.jpg,uncertain
167.jpg,fear
1339.jpg,sad
496.jpg,anger
4160.jpg,neutral
558.jpg,anger
4487.jpg,uncertain
2721.jpg,sad
3019.jpg,happy
4224.jpg,anger
1021.jpg,fear
2823.jpg,sad
2275.jpg,neutral
4803.jpg,sad
807.jpg,uncertain
3463.jpg,contempt
3358.jpg,happy
3527.jpg,fear
2059.jpg,disgust
926.jpg,fear
3486.jpg,happy
411.jpg,fear
3446.jpg,contempt
3815.jpg,anger
2484.jpg,anger
3518.jpg,disgust
4731.jpg,anger
3201.jpg,surprise
3976.jpg,contempt
507.jpg,contempt
1121.jpg,sad
3927.jpg,disgust
363.jpg,happy
1016.jpg,anger
2789.jpg,neutral
2729.jpg,sad
3181.jpg,surprise
548.jpg,uncertain
3377.jpg,uncertain
1525.jpg,surprise
2936.jpg,sad
1677.jpg,neutral
1664.jpg,anger
1175.jpg,anger
3910.jpg,happy
3682.jpg,anger
302.jpg,anger
3400.jpg,surprise
3992.jpg,fear
3569.jpg,uncertain
3522.jpg,contempt
3864.jpg,neutral
1329.jpg,happy
3501.jpg,happy
2692.jpg,sad
1304.jpg,surprise
4186.jpg,happy
2904.jpg,anger
4069.jpg,surprise
3923.jpg,surprise
4429.jpg,sad
4231.jpg,uncertain
2103.jpg,fear
100.jpg,uncertain
3502.jpg,happy
4498.jpg,sad
3734.jpg,disgust
3086.jpg,neutral
107.jpg,sad
2919.jpg,sad
607.jpg,anger
1346.jpg,happy
3960.jpg,contempt
4901.jpg,contempt
2999.jpg,neutral
4197.jpg,contempt
239.jpg,anger
4316.jpg,uncertain
1155.jpg,contempt
2618.jpg,surprise
1067.jpg,neutral
1057.jpg,uncertain
4697.jpg,surprise
2978.jpg,sad
4285.jpg,disgust
4902.jpg,uncertain
4354.jpg,anger
812.jpg,anger
2886.jpg,anger
2225.jpg,anger
3871.jpg,anger
45.jpg,fear
4014.jpg,sad
252.jpg,fear
3330.jpg,surprise
41.jpg,fear
4541.jpg,contempt
3332.jpg,anger
1233.jpg,fear
92.jpg,anger
1391.jpg,anger
3034.jpg,uncertain
3144.jpg,sad
3728.jpg,sad
1355.jpg,surprise
1286.jpg,fear
4813.jpg,uncertain
3188.jpg,surprise
1006.jpg,sad
1353.jpg,surprise
2273.jpg,fear
1567.jpg,fear
4076.jpg,neutral
2500.jpg,fear
3850.jpg,fear
4193.jpg,anger
489.jpg,anger
1635.jpg,sad
257.jpg,happy
1030.jpg,fear
2989.jpg,anger
4882.jpg,surprise
3403.jpg,sad
2780.jpg,surprise
2749.jpg,neutral
4937.jpg,uncertain
2543.jpg,happy
1031.jpg,uncertain
3941.jpg,uncertain
2453.jpg,sad
58.jpg,surprise
90.jpg,contempt
4473.jpg,uncertain
4018.jpg,anger
3869.jpg,neutral
1622.jpg,happy
3097.jpg,anger
2141.jpg,uncertain
4117.jpg,surprise
1352.jpg,sad
3841.jpg,contempt
1693.jpg,sad
3274.jpg,uncertain
2611.jpg,disgust
3352.jpg,fear
3050.jpg,surprise
2387.jpg,uncertain
3164.jpg,anger
192.jpg,uncertain
4047.jpg,anger
2313.jpg,surprise
2889.jpg,anger
1511.jpg,anger
3244.jpg,uncertain
3766.jpg,anger
4921.jpg,uncertain
896.jpg,happy
1973.jpg,fear
2198.jpg,anger
4420.jpg,anger
1788.jpg,contempt
3370.jpg,surprise
4676.jpg,surprise
3733.jpg,uncertain
1610.jpg,anger
792.jpg,sad
4582.jpg,uncertain
4924.jpg,uncertain
1203.jpg,contempt
313.jpg,surprise
1555.jpg,uncertain
4457.jpg,surprise
3747.jpg,contempt
2542.jpg,anger
158.jpg,sad
3765.jpg,fear
4609.jpg,uncertain
3270.jpg,uncertain
4321.jpg,happy
795.jpg,happy
1426.jpg,neutral
4717.jpg,sad
1491.jpg,anger
1602.jpg,neutral
1036.jpg,anger
1530.jpg,uncertain
1913.jpg,fear
3742.jpg,sad
1615.jpg,surprise
1425.jpg,neutral
697.jpg,fear
1401.jpg,anger
3125.jpg,neutral
4595.jpg,surprise
303.jpg,fear
2448.jpg,surprise
1211.jpg,fear
215.jpg,neutral
963.jpg,surprise
2704.jpg,neutral
899.jpg,sad
1427.jpg,sad
883.jpg,anger
2980.jpg,surprise
4274.jpg,uncertain
3063.jpg,contempt
4435.jpg,anger
1251.jpg,fear
67.jpg,happy
4513.jpg,anger
1374.jpg,anger
1909.jpg,uncertain
4768.jpg,surprise
1850.jpg,fear
4371.jpg,surprise
4054.jpg,neutral
2362.jpg,happy
675.jpg,contempt
4173.jpg,contempt
611.jpg,surprise
3727.jpg,fear
73.jpg,uncertain
1053.jpg,neutral
80.jpg,sad
1695.jpg,fear
134.jpg,surprise
650.jpg,anger
685.jpg,surprise
2739.jpg,anger
2578.jpg,fear
4414.jpg,sad
2432.jpg,anger
4542.jpg,sad
2397.jpg,surprise
4077.jpg,sad
412.jpg,sad
1869.jpg,uncertain
1966.jpg,anger
3478.jpg,sad
3706.jpg,contempt
4093.jpg,uncertain
4346.jpg,uncertain
1075.jpg,happy
2154.jpg,fear
1983.jpg,sad
290.jpg,anger
2762.jpg,neutral
4399.jpg,fear
245.jpg,surprise
3420.jpg,fear
3290.jpg,surprise
4419.jpg,happy
2946.jpg,contempt
381.jpg,sad
3638.jpg,sad
1829.jpg,fear
2482.jpg,sad
2055.jpg,neutral
1056.jpg,uncertain
1381.jpg,anger
2884.jpg,neutral
4004.jpg,contempt
3504.jpg,happy
2971.jpg,contempt
2135.jpg,anger
702.jpg,sad
4645.jpg,disgust
4997.jpg,surprise
1501.jpg,happy
3810.jpg,uncertain
2408.jpg,sad
4657.jpg,uncertain
1296.jpg,anger
2791.jpg,surprise
1387.jpg,uncertain
2199.jpg,uncertain
345.jpg,uncertain
3885.jpg,sad
3336.jpg,anger
703.jpg,neutral
1724.jpg,happy
4637.jpg,surprise
1044.jpg,uncertain
2281.jpg,uncertain
4683.jpg,contempt
4804.jpg,anger
2725.jpg,happy
3198.jpg,sad
628.jpg,surprise
3574.jpg,uncertain
4282.jpg,disgust
432.jpg,uncertain
3347.jpg,happy
2782.jpg,fear
31.jpg,surprise
485.jpg,sad
4129.jpg,uncertain
4022.jpg,contempt
2875.jpg,fear
96.jpg,neutral
4295.jpg,anger
3711.jpg,anger
4787.jpg,sad
3669.jpg,uncertain
3453.jpg,surprise
3046.jpg,uncertain
4300.jpg,sad
491.jpg,disgust
4180.jpg,anger
3881.jpg,anger
2878.jpg,anger
4974.jpg,happy
193.jpg,surprise
3310.jpg,surprise
1218.jpg,surprise
903.jpg,uncertain
869.jpg,fear
3123.jpg,happy
4841.jpg,neutral
3872.jpg,uncertain
2609.jpg,uncertain
2934.jpg,anger
4409.jpg,surprise
659.jpg,anger
1772.jpg,surprise
1739.jpg,fear
944.jpg,uncertain
2657.jpg,surprise
4634.jpg,uncertain
1122.jpg,surprise
928.jpg,anger
1650.jpg,surprise
1237.jpg,sad
4413.jpg,fear
453.jpg,surprise
4287.jpg,sad
1111.jpg,anger
3415.jpg,happy
2419.jpg,neutral
571.jpg,uncertain
3566.jpg,fear
525.jpg,uncertain
1496.jpg,fear
2342.jpg,disgust
1536.jpg,surprise
1773.jpg,neutral
3307.jpg,neutral
738.jpg,sad
4906.jpg,neutral
951.jpg,surprise
1751.jpg,surprise
3083.jpg,fear
3159.jpg,fear
2938.jpg,neutral
4471.jpg,sad
3192.jpg,happy
405.jpg,happy
293.jpg,happy
1791.jpg,disgust
4257.jpg,contempt
4732.jpg,contempt
1706.jpg,uncertain
459.jpg,uncertain
1570.jpg,uncertain
3942.jpg,uncertain
340.jpg,surprise
4491.jpg,surprise
1865.jpg,sad
1745.jpg,anger
741.jpg,surprise
2216.jpg,surprise
766.jpg,anger
2227.jpg,happy
1658.jpg,uncertain
1331.jpg,anger
3162.jpg,neutral
3597.jpg,fear
1027.jpg,neutral
716.jpg,sad
886.jpg,uncertain
3366.jpg,surprise
2177.jpg,contempt
4490.jpg,anger
3215.jpg,sad
3568.jpg,anger
3398.jpg,anger
4610.jpg,sad
3640.jpg,anger
1843.jpg,fear
791.jpg,uncertain
754.jpg,surprise
3650.jpg,happy
906.jpg,neutral
2442.jpg,fear
772.jpg,happy
594.jpg,disgust
1019.jpg,surprise
1170.jpg,uncertain
1519.jpg,sad
448.jpg,fear
456.jpg,happy
1798.jpg,contempt
4990.jpg,sad
4492.jpg,fear
2286.jpg,neutral
3802.jpg,sad
2534.jpg,anger
3172.jpg,uncertain
4998.jpg,sad
3155.jpg,sad
3397.jpg,surprise
3614.jpg,sad
1563.jpg,contempt
2191.jpg,uncertain
242.jpg,sad
4677.jpg,happy
1092.jpg,disgust
4187.jpg,contempt
1094.jpg,anger
1247.jpg,uncertain
3729.jpg,neutral
218.jpg,sad
1476.jpg,anger
3710.jpg,uncertain
2102.jpg,fear
343.jpg,contempt
4122.jpg,contempt
4185.jpg,disgust
1514.jpg,uncertain
1631.jpg,sad
4372.jpg,anger
2084.jpg,anger
3448.jpg,surprise
1796.jpg,anger
2127.jpg,anger
4674.jpg,neutral
863.jpg,anger
1532.jpg,uncertain
1828.jpg,contempt
1606.jpg,fear
2410.jpg,surprise
324.jpg,fear
4177.jpg,sad
1404.jpg,sad
3036.jpg,uncertain
1939.jpg,anger
3303.jpg,neutral
162.jpg,contempt
3438.jpg,neutral
4530.jpg,contempt
1900.jpg,surprise
4401.jpg,happy
1298.jpg,anger
2418.jpg,anger
4439.jpg,neutral
4602.jpg,fear
1029.jpg,surprise
42.jpg,anger
1885.jpg,fear
4885.jpg,neutral
818.jpg,surprise
330.jpg,uncertain
1337.jpg,fear
1844.jpg,happy
575.jpg,uncertain
1621.jpg,anger
836.jpg,neutral
1926.jpg,anger
1950.jpg,contempt
4985.jpg,sad
2014.jpg,surprise
3190.jpg,happy
1897.jpg,anger
2675.jpg,neutral
848.jpg,anger
1185.jpg,anger
2398.jpg,happy
71.jpg,sad
2363.jpg,contempt
2529.jpg,anger
2067.jpg,sad
3133.jpg,uncertain
1408.jpg,anger
4593.jpg,fear
4778.jpg,happy
4558.jpg,contempt
4301.jpg,uncertain
1215.jpg,sad
952.jpg,disgust
2954.jpg,sad
1557.jpg,sad
1956.jpg,uncertain
1753.jpg,sad
4162.jpg,uncertain
1600.jpg,surprise
1133.jpg,fear
3749.jpg,sad
3744.jpg,anger
3015.jpg,contempt
3165.jpg,happy
1051.jpg,surprise
3647.jpg,surprise
3119.jpg,surprise
4033.jpg,anger
925.jpg,uncertain
3548.jpg,sad
935.jpg,sad
2894.jpg,surprise
879.jpg,neutral
2150.jpg,uncertain
1611.jpg,surprise
1025.jpg,uncertain
1061.jpg,anger
586.jpg,fear
4734.jpg,sad
4909.jpg,disgust
1972.jpg,uncertain
4342.jpg,happy
2901.jpg,anger
4665.jpg,anger
4570.jpg,sad
1393.jpg,anger
2480.jpg,sad
4614.jpg,uncertain
1605.jpg,contempt
2334.jpg,happy
1661.jpg,happy
4396.jpg,neutral
3109.jpg,contempt
1509.jpg,fear
1327.jpg,uncertain
4001.jpg,sad
3882.jpg,anger
958.jpg,anger
1009.jpg,neutral
1655.jpg,surprise
4067.jpg,contempt
764.jpg,surprise
1370.jpg,anger
4894.jpg,surprise
4368.jpg,uncertain
3176.jpg,happy
508.jpg,sad
4015.jpg,happy
4949.jpg,fear
4367.jpg,fear
3743.jpg,anger
3826.jpg,anger
2790.jpg,uncertain
3251.jpg,happy
1459.jpg,happy
3277.jpg,surprise
1376.jpg,uncertain
4233.jpg,happy
1558.jpg,happy
4215.jpg,uncertain
3752.jpg,sad
2967.jpg,anger
2422.jpg,sad
4475.jpg,neutral
2278.jpg,contempt
2888.jpg,sad
203.jpg,uncertain
1113.jpg,anger
595.jpg,uncertain
4627.jpg,uncertain
3688.jpg,happy
4801.jpg,happy
1475.jpg,anger
1072.jpg,surprise
3220.jpg,sad
3584.jpg,anger
3435.jpg,uncertain
2498.jpg,surprise
4161.jpg,happy
1565.jpg,happy
4952.jpg,surprise
1342.jpg,uncertain
472.jpg,anger
3652.jpg,anger
3528.jpg,sad
1416.jpg,surprise
2277.jpg,surprise
3539.jpg,uncertain
1378.jpg,uncertain
2493.jpg,sad
3541.jpg,surprise
4039.jpg,anger
147.jpg,anger
227.jpg,neutral
4454.jpg,contempt
1468.jpg,anger
1941.jpg,fear
4337.jpg,uncertain
4692.jpg,anger
4273.jpg,anger
2592.jpg,surprise
282.jpg,neutral
2972.jpg,uncertain
1188.jpg,surprise
4309.jpg,anger
4860.jpg,uncertain
2645.jpg,neutral
1964.jpg,anger
3021.jpg,neutral
3293.jpg,happy
3471.jpg,fear
2384.jpg,neutral
597.jpg,contempt
1548.jpg,anger
352.jpg,neutral
3981.jpg,surprise
3828.jpg,anger
1145.jpg,neutral
683.jpg,neutral
4889.jpg,surprise
1667.jpg,contempt
2899.jpg,fear
3450.jpg,surprise
1452.jpg,disgust
4163.jpg,uncertain
3365.jpg,sad
3189.jpg,anger
4642.jpg,fear
3214.jpg,fear
1248.jpg,surprise
957.jpg,contempt
3695.jpg,anger
1861.jpg,uncertain
4400.jpg,neutral
2156.jpg,anger
4135.jpg,uncertain
1999.jpg,sad
1579.jpg,sad
155.jpg,anger
722.jpg,neutral
4074.jpg,happy
2986.jpg,anger
1250.jpg,neutral
3664.jpg,surprise
3770.jpg,surprise
4687.jpg,anger
4319.jpg,fear
3902.jpg,sad
2628.jpg,contempt
1433.jpg,anger
4529.jpg,fear
4136.jpg,neutral
12.jpg,contempt
2401.jpg,uncertain
4605.jpg,contempt
2680.jpg,fear
2379.jpg,anger
4535.jpg,sad
1577.jpg,anger
3724.jpg,uncertain
2425.jpg,fear
3006.jpg,anger
2843.jpg,fear
442.jpg,uncertain
2915.jpg,sad
1196.jpg,anger
2249.jpg,surprise
1629.jpg,neutral
2239.jpg,anger
1442.jpg,fear
374.jpg,happy
3929.jpg,contempt
984.jpg,sad
3068.jpg,happy
4989.jpg,contempt
2312.jpg,contempt
2336.jpg,anger
451.jpg,sad
1178.jpg,happy
2371.jpg,anger
3532.jpg,contempt
3356.jpg,anger
898.jpg,uncertain
2433.jpg,contempt
3467.jpg,sad
4021.jpg,uncertain
2123.jpg,uncertain
1486.jpg,sad
1922.jpg,neutral
1193.jpg,uncertain
2391.jpg,fear
2856.jpg,uncertain
375.jpg,uncertain
1965.jpg,sad
337.jpg,anger
270.jpg,contempt
4090.jpg,neutral
2582.jpg,sad
4639.jpg,contempt
2874.jpg,surprise
2062.jpg,fear
2774.jpg,happy
1590.jpg,disgust
1630.jpg,neutral
923.jpg,contempt
1756.jpg,anger
3800.jpg,contempt
173.jpg,anger
15.jpg,sad
4870.jpg,neutral
2678.jpg,happy
1234.jpg,anger
349.jpg,happy
2793.jpg,anger
4142.jpg,contempt
1931.jpg,surprise
310.jpg,sad
4324.jpg,uncertain
4267.jpg,happy
2658.jpg,uncertain
2439.jpg,sad
4536.jpg,fear
1464.jpg,anger
2920.jpg,neutral
2441.jpg,fear
2200.jpg,surprise
2120.jpg,uncertain
1208.jpg,disgust
3425.jpg,uncertain
443.jpg,fear
3944.jpg,neutral
4469.jpg,anger
2403.jpg,anger
930.jpg,fear
3970.jpg,uncertain
4446.jpg,neutral
476.jpg,anger
2494.jpg,uncertain
3633.jpg,neutral
1698.jpg,anger
2090.jpg,neutral
1097.jpg,contempt
373.jpg,happy
3340.jpg,uncertain
1161.jpg,sad
2863.jpg,neutral
3953.jpg,sad
1320.jpg,sad
2486.jpg,uncertain
2339.jpg,surprise
2862.jpg,uncertain
2988.jpg,contempt
1732.jpg,fear
122.jpg,contempt
212.jpg,sad
2212.jpg,uncertain
3101.jpg,uncertain
2340.jpg,contempt
2744.jpg,uncertain
855.jpg,sad
3255.jpg,anger
2210.jpg,anger
769.jpg,happy
2226.jpg,anger
2681.jpg,neutral
3679.jpg,anger
1148.jpg,anger
1119.jpg,surprise
3834.jpg,fear
1787.jpg,anger
2737.jpg,fear
968.jpg,contempt
3457.jpg,uncertain
771.jpg,sad
4675.jpg,anger
1537.jpg,fear
86.jpg,surprise
634.jpg,happy
4612.jpg,happy
1375.jpg,contempt
4938.jpg,surprise
3655.jpg,fear
4105.jpg,sad
3820.jpg,contempt
4962.jpg,surprise
3087.jpg,uncertain
3328.jpg,uncertain
228.jpg,contempt
1529.jpg,surprise
1207.jpg,uncertain
1790.jpg,contempt
4065.jpg,surprise
2968.jpg,fear
2700.jpg,neutral
3721.jpg,anger
400.jpg,disgust
4802.jpg,anger
4155.jpg,happy
4253.jpg,contempt
2659.jpg,sad
3.jpg,anger
95.jpg,sad
3726.jpg,sad
48.jpg,uncertain
1825.jpg,anger
1527.jpg,anger
351.jpg,surprise
2630.jpg,fear
2541.jpg,surprise
854.jpg,anger
3394.jpg,neutral
2322.jpg,happy
4957.jpg,anger
3785.jpg,anger
1986.jpg,neutral
3327.jpg,uncertain
2337.jpg,neutral
1936.jpg,contempt
4995.jpg,surprise
1140.jpg,uncertain
2956.jpg,fear
698.jpg,happy
2640.jpg,surprise
3210.jpg,anger
2224.jpg,anger
9.jpg,happy
2166.jpg,fear
3758.jpg,uncertain
3602.jpg,anger
2770.jpg,neutral
3099.jpg,contempt
316.jpg,anger
2377.jpg,neutral
978.jpg,sad
4323.jpg,fear
4805.jpg,happy
630.jpg,sad
1014.jpg,surprise
4662.jpg,surprise
3484.jpg,neutral
1813.jpg,surprise
197.jpg,uncertain
1354.jpg,neutral
3583.jpg,anger
3160.jpg,uncertain
1127.jpg,surprise
3616.jpg,surprise
1604.jpg,surprise
4071.jpg,contempt
3030.jpg,uncertain
3723.jpg,surprise
1151.jpg,contempt
4478.jpg,sad
4598.jpg,neutral
3272.jpg,anger
174.jpg,anger
2615.jpg,fear
2217.jpg,surprise
2969.jpg,uncertain
4465.jpg,uncertain
1826.jpg,anger
1666.jpg,contempt
3149.jpg,uncertain
2922.jpg,sad
2292.jpg,sad
3040.jpg,anger
2001.jpg,sad
3253.jpg,sad
3697.jpg,surprise
4892.jpg,anger
584.jpg,uncertain
2994.jpg,uncertain
3171.jpg,sad
1407.jpg,anger
3805.jpg,disgust
2147.jpg,uncertain
1064.jpg,anger
2476.jpg,uncertain
4209.jpg,surprise
6.jpg,anger
4415.jpg,anger
2235.jpg,contempt
1736.jpg,sad
3928.jpg,uncertain
2358.jpg,sad
1816.jpg,surprise
2848.jpg,anger
3128.jpg,contempt
2115.jpg,uncertain
3645.jpg,happy
1306.jpg,surprise
4027.jpg,surprise
949.jpg,uncertain
1952.jpg,disgust
4276.jpg,sad
2701.jpg,sad
4232.jpg,anger
1385.jpg,contempt
1760.jpg,contempt
3886.jpg,anger
1560.jpg,surprise
3825.jpg,uncertain
202.jpg,contempt
2179.jpg,disgust
1571.jpg,sad
1923.jpg,surprise
4376.jpg,happy
3623.jpg,happy
387.jpg,uncertain
4348.jpg,anger
1705.jpg,uncertain
4648.jpg,contempt
3372.jpg,contempt
4911.jpg,anger
3134.jpg,uncertain
2622.jpg,contempt
4151.jpg,uncertain
1593.jpg,surprise
2879.jpg,sad
723.jpg,surprise
469.jpg,surprise
4900.jpg,sad
1216.jpg,anger
3634.jpg,sad
3137.jpg,anger
2031.jpg,sad
709.jpg,sad
398.jpg,fear
309.jpg,uncertain
3629.jpg,sad
139.jpg,anger
3368.jpg,sad
3360.jpg,uncertain
2953.jpg,surprise
1261.jpg,fear
624.jpg,surprise
1114.jpg,sad
2792.jpg,sad
3469.jpg,anger
455.jpg,anger
161.jpg,fear
2467.jpg,sad
3362.jpg,fear
4247.jpg,anger
3186.jpg,surprise
3178.jpg,fear
516.jpg,happy
2523.jpg,happy
1803.jpg,anger
1591.jpg,uncertain
3570.jpg,uncertain
2536.jpg,anger
2844.jpg,surprise
153.jpg,uncertain
677.jpg,fear
1645.jpg,contempt
3110.jpg,surprise
2311.jpg,neutral
1497.jpg,happy
3100.jpg,fear
990.jpg,contempt
219.jpg,anger
4330.jpg,anger
1229.jpg,anger
3722.jpg,anger
502.jpg,anger
404.jpg,anger
2309.jpg,surprise
2222.jpg,sad
2139.jpg,neutral
1390.jpg,fear
1465.jpg,uncertain
3065.jpg,surprise
4432.jpg,sad
1360.jpg,fear
2653.jpg,anger
1402.jpg,anger
3578.jpg,surprise
1107.jpg,happy
52.jpg,uncertain
1789.jpg,happy
3769.jpg,fear
422.jpg,happy
82.jpg,surprise
1539.jpg,anger
4307.jpg,surprise
4599.jpg,fear
948.jpg,surprise
3821.jpg,surprise
4195.jpg,uncertain
3193.jpg,happy
4391.jpg,fear
2267.jpg,anger
3080.jpg,surprise
1109.jpg,uncertain
2808.jpg,fear
2444.jpg,fear
2017.jpg,contempt
693.jpg,surprise
2477.jpg,anger
2153.jpg,sad
486.jpg,uncertain
4352.jpg,surprise
4417.jpg,anger
1998.jpg,anger
1073.jpg,uncertain
644.jpg,sad
2446.jpg,contempt
4438.jpg,anger
232.jpg,disgust
3212.jpg,sad
4872.jpg,fear
3402.jpg,anger
1898.jpg,sad
2385.jpg,contempt
433.jpg,neutral
2756.jpg,fear
824.jpg,surprise
2822.jpg,surprise
2051.jpg,contempt
2341.jpg,neutral
3935.jpg,surprise
1436.jpg,happy
2033.jpg,sad
3311.jpg,happy
2201.jpg,fear
2650.jpg,surprise
4268.jpg,anger
2564.jpg,happy
3808.jpg,uncertain
1681.jpg,anger
1039.jpg,contempt
1653.jpg,anger
1641.jpg,uncertain
2255.jpg,happy
4108.jpg,surprise
2855.jpg,contempt
4716.jpg,anger
2951.jpg,happy
4179.jpg,happy
605.jpg,sad
4832.jpg,neutral
3312.jpg,anger
777.jpg,sad
1830.jpg,sad
474.jpg,uncertain
2190.jpg,anger
1171.jpg,uncertain
2714.jpg,neutral
1235.jpg,anger
613.jpg,anger
1439.jpg,contempt
1959.jpg,surprise
146.jpg,surprise
3321.jpg,fear
4416.jpg,sad
1533.jpg,happy
715.jpg,uncertain
4546.jpg,anger
4251.jpg,anger
998.jpg,neutral
3717.jpg,uncertain
4590.jpg,uncertain
1822.jpg,neutral
183.jpg,anger
550.jpg,sad
2835.jpg,surprise
689.jpg,sad
3346.jpg,uncertain
4261.jpg,happy
4659.jpg,sad
2734.jpg,anger
4311.jpg,anger
2605.jpg,contempt
1313.jpg,disgust
2007.jpg,neutral
3121.jpg,contempt
566.jpg,uncertain
2221.jpg,surprise
4866.jpg,surprise
1500.jpg,happy
217.jpg,neutral
849.jpg,neutral
366.jpg,neutral
1332.jpg,neutral
788.jpg,sad
3839.jpg,happy
937.jpg,sad
4084.jpg,uncertain
1104.jpg,uncertain
3056.jpg,anger
3580.jpg,uncertain
509.jpg,surprise
1389.jpg,anger
70.jpg,happy
4527.jpg,neutral
28.jpg,uncertain
4845.jpg,happy
108.jpg,uncertain
1338.jpg,neutral
4102.jpg,anger
181.jpg,surprise
3600.jpg,sad
3208.jpg,contempt
757.jpg,sad
1928.jpg,sad
3342.jpg,neutral
1310.jpg,surprise
348.jpg,happy
2745.jpg,sad
4621.jpg,contempt
3707.jpg,contempt
2549.jpg,surprise
2472.jpg,surprise
2035.jpg,anger
3939.jpg,happy
1889.jpg,uncertain
2099.jpg,contempt
2030.jpg,sad
4340.jpg,fear
3343.jpg,surprise
3404.jpg,uncertain
32.jpg,uncertain
3079.jpg,anger
853.jpg,happy
2174.jpg,fear
484.jpg,sad
4244.jpg,uncertain
471.jpg,sad
1231.jpg,happy
2126.jpg,neutral
321.jpg,sad
918.jpg,uncertain
3581.jpg,sad
2151.jpg,neutral
298.jpg,uncertain
1079.jpg,happy
2821.jpg,sad
4641.jpg,neutral
1870.jpg,uncertain
873.jpg,surprise
3558.jpg,anger
3851.jpg,anger
3474.jpg,sad
1386.jpg,happy
2075.jpg,anger
1932.jpg,fear
1945.jpg,neutral
2300.jpg,surprise
2649.jpg,contempt
610.jpg,neutral
2570.jpg,surprise
3883.jpg,anger
307.jpg,anger
955.jpg,anger
2462.jpg,happy
4555.jpg,neutral
3925.jpg,anger
3520.jpg,happy
602.jpg,anger
93.jpg,disgust
4458.jpg,sad
1649.jpg,sad
3952.jpg,anger
699.jpg,anger
1573.jpg,neutral
1449.jpg,anger
2567.jpg,uncertain
1572.jpg,fear
4843.jpg,sad
1815.jpg,happy
1115.jpg,uncertain
184.jpg,surprise
1648.jpg,surprise
4847.jpg,sad
3514.jpg,anger
3948.jpg,anger
1028.jpg,anger
2733.jpg,surprise
1809.jpg,anger
4752.jpg,uncertain
746.jpg,anger
3222.jpg,surprise
1287.jpg,anger
4959.jpg,contempt
1398.jpg,fear
2048.jpg,anger
3589.jpg,sad
4464.jpg,surprise
4480.jpg,sad
3703.jpg,neutral
2058.jpg,sad
3863.jpg,anger
3503.jpg,anger
2073.jpg,sad
253.jpg,disgust
4010.jpg,contempt
4048.jpg,fear
3287.jpg,fear
3954.jpg,anger
3714.jpg,sad
1380.jpg,fear
130.jpg,sad
2495.jpg,happy
221.jpg,contempt
4356.jpg,sad
969.jpg,anger
1592.jpg,fear
4568.jpg,neutral
4594.jpg,contempt
3005.jpg,anger
4591.jpg,fear
682.jpg,uncertain
4607.jpg,happy
1595.jpg,surprise
720.jpg,surprise
3418.jpg,anger
3895.jpg,sad
4073.jpg,uncertain
815.jpg,neutral
1644.jpg,sad
670.jpg,sad
3004.jpg,neutral
554.jpg,neutral
2869.jpg,sad
4534.jpg,happy
2074.jpg,happy
3179.jpg,contempt
3206.jpg,fear
4852.jpg,anger
2921.jpg,anger
267.jpg,anger
1295.jpg,uncertain
4504.jpg,neutral
666.jpg,uncertain
2949.jpg,sad
580.jpg,anger
2375.jpg,uncertain
1755.jpg,happy
3840.jpg,fear
4466.jpg,neutral
3776.jpg,fear
2314.jpg,fear
1490.jpg,sad
1847.jpg,surprise
46.jpg,uncertain
2993.jpg,disgust
2503.jpg,surprise
1158.jpg,surprise
1345.jpg,surprise
1994.jpg,anger
2669.jpg,anger
1684.jpg,anger
2799.jpg,anger
17.jpg,sad
2316.jpg,uncertain
1946.jpg,neutral
2632.jpg,surprise
1084.jpg,sad
988.jpg,fear
974.jpg,neutral
589.jpg,uncertain
669.jpg,anger
3461.jpg,uncertain
671.jpg,neutral
2728.jpg,fear
3082.jpg,fear
1372.jpg,neutral
157.jpg,contempt
2829.jpg,anger
1492.jpg,fear
731.jpg,anger
2997.jpg,anger
4373.jpg,contempt
151.jpg,uncertain
1253.jpg,contempt
1417.jpg,sad
3678.jpg,surprise
4673.jpg,happy
1267.jpg,happy
4699.jpg,happy
4146.jpg,sad
2975.jpg,uncertain
1612.jpg,sad
4830.jpg,fear
4833.jpg,happy
2924.jpg,sad
4839.jpg,uncertain
1141.jpg,surprise
2000.jpg,sad
3906.jpg,uncertain
2063.jpg,anger
3026.jpg,uncertain
4817.jpg,happy
3554.jpg,anger
4170.jpg,surprise
4887.jpg,fear
246.jpg,happy
94.jpg,sad
1737.jpg,anger
1365.jpg,anger
3914.jpg,neutral
2932.jpg,anger
2927.jpg,sad
1947.jpg,contempt
735.jpg,uncertain
829.jpg,sad
995.jpg,surprise
124.jpg,happy
882.jpg,anger
68.jpg,anger
117.jpg,happy
4483.jpg,neutral
3660.jpg,surprise
1808.jpg,anger
3379.jpg,surprise
3712.jpg,sad
291.jpg,uncertain
3692.jpg,sad
2171.jpg,happy
4433.jpg,anger
2107.jpg,surprise
2867.jpg,uncertain
1228.jpg,sad
2590.jpg,anger
1775.jpg,uncertain
3191.jpg,anger
3202.jpg,sad
678.jpg,surprise
237.jpg,anger
2644.jpg,happy
4672.jpg,disgust
3607.jpg,uncertain
1690.jpg,contempt
2173.jpg,happy
4009.jpg,fear
372.jpg,disgust
1259.jpg,anger
1303.jpg,sad
3921.jpg,surprise
318.jpg,uncertain
4951.jpg,sad
1804.jpg,contempt
4718.jpg,neutral
4269.jpg,sad
2395.jpg,anger
1841.jpg,uncertain
3608.jpg,happy
3797.jpg,sad
4442.jpg,contempt
2333.jpg,uncertain
4227.jpg,fear
1420.jpg,anger
4299.jpg,surprise
4825.jpg,sad
2781.jpg,anger
273.jpg,anger
2192.jpg,fear
3991.jpg,sad
1187.jpg,sad
1905.jpg,uncertain
2228.jpg,anger
3555.jpg,contempt
3856.jpg,anger
2108.jpg,neutral
2209.jpg,sad
223.jpg,sad
4884.jpg,anger
4751.jpg,uncertain
1971.jpg,sad
1969.jpg,surprise
1728.jpg,anger
3507.jpg,fear
1221.jpg,sad
2308.jpg,anger
2558.jpg,uncertain
3042.jpg,anger
3452.jpg,disgust
2755.jpg,surprise
4666.jpg,neutral
3221.jpg,anger
1349.jpg,happy
2593.jpg,neutral
3433.jpg,anger
1414.jpg,happy
4472.jpg,contempt
1659.jpg,uncertain
4062.jpg,contempt
4763.jpg,anger
2057.jpg,surprise
1174.jpg,anger
1007.jpg,surprise
4746.jpg,anger
4854.jpg,sad
4214.jpg,sad
3090.jpg,fear
2376.jpg,anger
4509.jpg,uncertain
4423.jpg,neutral
4603.jpg,anger
506.jpg,fear
3636.jpg,anger
264.jpg,sad
2502.jpg,neutral
3843.jpg,anger
4303.jpg,contempt
4896.jpg,sad
1769.jpg,contempt
4972.jpg,neutral
4704.jpg,sad
4148.jpg,anger
1405.jpg,surprise
4264.jpg,anger
2243.jpg,happy
4682.jpg,uncertain
1257.jpg,anger
1860.jpg,surprise
2768.jpg,contempt
1556.jpg,uncertain
1046.jpg,anger
1181.jpg,surprise
1599.jpg,uncertain
4503.jpg,anger
1463.jpg,happy
3964.jpg,sad
814.jpg,fear
182.jpg,happy
642.jpg,anger
778.jpg,fear
2963.jpg,uncertain
3142.jpg,surprise
4153.jpg,uncertain
4427.jpg,anger
4706.jpg,anger
912.jpg,happy
1524.jpg,surprise
1032.jpg,neutral
4030.jpg,neutral
4159.jpg,anger
1074.jpg,anger
856.jpg,fear
3318.jpg,surprise
2436.jpg,contempt
503.jpg,anger
3233.jpg,uncertain
4783.jpg,contempt
1450.jpg,surprise
1049.jpg,uncertain
4842.jpg,sad
2691.jpg,anger
2294.jpg,anger
3367.jpg,fear
704.jpg,uncertain
4525.jpg,contempt
3809.jpg,happy
3547.jpg,surprise
4248.jpg,anger
3905.jpg,anger
3693.jpg,surprise
1624.jpg,neutral
1315.jpg,fear
3096.jpg,happy
2868.jpg,anger
3232.jpg,surprise
463.jpg,neutral
710.jpg,fear
1311.jpg,sad
1290.jpg,neutral
3108.jpg,uncertain
2129.jpg,uncertain
1489.jpg,sad
823.jpg,uncertain
919.jpg,anger
3610.jpg,contempt
3138.jpg,anger
2887.jpg,happy
2802.jpg,fear
572.jpg,surprise
487.jpg,surprise
837.jpg,anger
2544.jpg,disgust
3951.jpg,uncertain
1927.jpg,anger
4045.jpg,contempt
2591.jpg,anger
3995.jpg,sad
1954.jpg,uncertain
1455.jpg,uncertain
342.jpg,anger
4615.jpg,fear
3764.jpg,surprise
4477.jpg,surprise
2992.jpg,contempt
1855.jpg,sad
2043.jpg,fear
3355.jpg,neutral
3447.jpg,surprise
3546.jpg,anger
512.jpg,happy
281.jpg,uncertain
3130.jpg,surprise
2574.jpg,anger
4250.jpg,surprise
1487.jpg,uncertain
1438.jpg,sad
3018.jpg,sad
1236.jpg,surprise
4260.jpg,sad
2827.jpg,surprise
3654.jpg,surprise
1419.jpg,anger
2546.jpg,neutral
2203.jpg,anger
2627.jpg,sad
2501.jpg,happy
2617.jpg,happy
2195.jpg,uncertain
2247.jpg,sad
2251.jpg,uncertain
3938.jpg,happy
4762.jpg,happy
889.jpg,surprise
187.jpg,surprise
3560.jpg,fear
3622.jpg,contempt
4826.jpg,anger
3772.jpg,disgust
462.jpg,fear
4284.jpg,happy
1099.jpg,sad
1723.jpg,uncertain
2463.jpg,contempt
1840.jpg,uncertain
2533.jpg,neutral
2070.jpg,uncertain
1982.jpg,happy
774.jpg,fear
1852.jpg,sad
3775.jpg,uncertain
2325.jpg,sad
2933.jpg,neutral
2684.jpg,disgust
3894.jpg,sad
2262.jpg,contempt
4953.jpg,uncertain
725.jpg,surprise
3395.jpg,anger
1223.jpg,surprise
4575.jpg,sad
2838.jpg,anger
3175.jpg,uncertain
3780.jpg,uncertain
3999.jpg,neutral
4965.jpg,anger
4288.jpg,anger
2642.jpg,sad
3632.jpg,sad
4510.jpg,anger
1917.jpg,sad
888.jpg,anger
839.jpg,sad
3288.jpg,anger
4861.jpg,anger
2420.jpg,neutral
3708.jpg,sad
2271.jpg,happy
4664.jpg,fear
2621.jpg,contempt
1516.jpg,anger
3879.jpg,uncertain
4343.jpg,uncertain
4822.jpg,happy
4651.jpg,anger
1868.jpg,surprise
2269.jpg,anger
3260.jpg,anger
1531.jpg,sad
3509.jpg,neutral
2497.jpg,anger
4881.jpg,anger
3813.jpg,happy
1184.jpg,surprise
4430.jpg,anger
3341.jpg,surprise
2306.jpg,anger
464.jpg,uncertain
4325.jpg,fear
1138.jpg,fear
1279.jpg,surprise
2677.jpg,disgust
4374.jpg,sad
2595.jpg,uncertain
1102.jpg,fear
4722.jpg,uncertain
4013.jpg,neutral
3204.jpg,contempt
194.jpg,happy
43.jpg,anger
1867.jpg,anger
3922.jpg,anger
3226.jpg,surprise
680.jpg,neutral
941.jpg,happy
1643.jpg,uncertain
3413.jpg,sad
4980.jpg,anger
2825.jpg,uncertain
2354.jpg,surprise
3014.jpg,fear
1836.jpg,uncertain
2109.jpg,fear
1975.jpg,anger
3354.jpg,sad
4823.jpg,anger
794.jpg,fear
3493.jpg,uncertain
3257.jpg,surprise
4196.jpg,surprise
2438.jpg,uncertain
1920.jpg,contempt
938.jpg,anger
2801.jpg,sad
4114.jpg,contempt
2947.jpg,contempt
2349.jpg,neutral
3273.jpg,fear
1746.jpg,sad
3199.jpg,sad
1647.jpg,fear
4453.jpg,sad
2996.jpg,anger
498.jpg,fear
3794.jpg,sad
3325.jpg,uncertain
1415.jpg,anger
4929.jpg,surprise
4516.jpg,happy
2586.jpg,uncertain
920.jpg,uncertain
4779.jpg,sad
524.jpg,happy
3024.jpg,anger
505.jpg,contempt
544.jpg,surprise
376.jpg,sad
4019.jpg,sad
2833.jpg,surprise
3698.jpg,anger
3642.jpg,anger
2694.jpg,surprise
2853.jpg,neutral
401.jpg,fear
4496.jpg,happy
2452.jpg,anger
2343.jpg,fear
483.jpg,sad
529.jpg,surprise
1779.jpg,neutral
1484.jpg,anger
4025.jpg,happy
4600.jpg,neutral
2158.jpg,surprise
3104.jpg,sad
4993.jpg,sad
4925.jpg,contempt
3892.jpg,contempt
2510.jpg,happy
4774.jpg,sad
4436.jpg,neutral
4815.jpg,anger
1395.jpg,anger
687.jpg,surprise
4796.jpg,happy
4531.jpg,sad
229.jpg,uncertain
3002.jpg,sad
1989.jpg,sad
3313.jpg,uncertain
497.jpg,anger
1116.jpg,neutral
2977.jpg,sad
1672.jpg,disgust
2688.jpg,sad
66.jpg,anger
1473.jpg,fear
3241.jpg,anger
358.jpg,fear
3169.jpg,anger
2360.jpg,anger
4781.jpg,happy
1125.jpg,fear
2813.jpg,uncertain
4644.jpg,uncertain
3793.jpg,contempt
4632.jpg,contempt
1264.jpg,disgust
3947.jpg,fear
2424.jpg,sad
2917.jpg,sad
2964.jpg,surprise
4708.jpg,contempt
3217.jpg,anger
1011.jpg,surprise
3943.jpg,uncertain
3054.jpg,anger
4868.jpg,neutral
2732.jpg,neutral
3552.jpg,contempt
415.jpg,surprise
803.jpg,fear
1585.jpg,fear
4765.jpg,sad
3476.jpg,anger
555.jpg,anger
382.jpg,contempt
4910.jpg,surprise
2957.jpg,anger
3517.jpg,neutral
284.jpg,fear
3845.jpg,fear
4837.jpg,happy
1206.jpg,fear
1774.jpg,surprise
4879.jpg,surprise
2355.jpg,sad
186.jpg,contempt
3587.jpg,uncertain
3777.jpg,sad
1757.jpg,uncertain
4230.jpg,happy
4096.jpg,uncertain
510.jpg,surprise
1282.jpg,uncertain
2950.jpg,contempt
2256.jpg,uncertain
2798.jpg,uncertain
972.jpg,contempt
416.jpg,anger
4499.jpg,happy
4564.jpg,uncertain
1177.jpg,surprise
1712.jpg,disgust
4182.jpg,happy
1864.jpg,anger
542.jpg,fear
4113.jpg,uncertain
2053.jpg,anger
3000.jpg,contempt
1551.jpg,neutral
2008.jpg,happy
513.jpg,sad
1886.jpg,contempt
1515.jpg,surprise
1444.jpg,happy
664.jpg,happy
3930.jpg,sad
2297.jpg,neutral
1990.jpg,neutral
101.jpg,fear
2517.jpg,neutral
3672.jpg,contempt
1008.jpg,sad
1896.jpg,contempt
1256.jpg,surprise
1076.jpg,sad
21.jpg,neutral
4981.jpg,disgust
4735.jpg,neutral
724.jpg,contempt
1356.jpg,anger
4622.jpg,sad
3694.jpg,surprise
2456.jpg,fear
3792.jpg,surprise
259.jpg,anger
40.jpg,uncertain
4277.jpg,uncertain
1176.jpg,fear
517.jpg,anger
4613.jpg,sad
4201.jpg,fear
344.jpg,sad
1709.jpg,sad
1254.jpg,sad
3423.jpg,anger
3333.jpg,uncertain
591.jpg,anger
852.jpg,fear
672.jpg,anger
3730.jpg,anger
91.jpg,anger
2252.jpg,contempt
2598.jpg,surprise
2288.jpg,sad
2663.jpg,anger
3084.jpg,neutral
733.jpg,sad
4290.jpg,anger
620.jpg,fear
2910.jpg,uncertain
3033.jpg,happy
2328.jpg,uncertain
4939.jpg,contempt
2305.jpg,uncertain
1759.jpg,uncertain
380.jpg,surprise
322.jpg,happy
4740.jpg,fear
4049.jpg,uncertain
3380.jpg,anger
2552.jpg,neutral
2916.jpg,uncertain
1863.jpg,uncertain
2563.jpg,contempt
3557.jpg,contempt
3667.jpg,anger
59.jpg,anger
2369.jpg,anger
3891.jpg,happy
4712.jpg,anger
1341.jpg,uncertain
3696.jpg,sad
4006.jpg,anger
98.jpg,anger
1371.jpg,anger
1683.jpg,uncertain
842.jpg,surprise
1406.jpg,surprise
1470.jpg,uncertain
4225.jpg,happy
4554.jpg,uncertain
1854.jpg,sad
4561.jpg,fear
3167.jpg,contempt
3789.jpg,sad
2204.jpg,contempt
2270.jpg,fear
3145.jpg,sad
1517.jpg,anger
1478.jpg,surprise
806.jpg,fear
1968.jpg,anger
4809.jpg,surprise
115.jpg,uncertain
4240.jpg,contempt
1474.jpg,sad
439.jpg,neutral
4061.jpg,surprise
260.jpg,sad
241.jpg,anger
4795.jpg,uncertain
2601.jpg,happy
877.jpg,contempt
4800.jpg,neutral
4941.jpg,neutral
4272.jpg,surprise
4390.jpg,contempt
4991.jpg,anger
844.jpg,anger
2025.jpg,anger
1297.jpg,surprise
4388.jpg,fear
1934.jpg,neutral
2301.jpg,happy
4935.jpg,surprise
1963.jpg,surprise
729.jpg,neutral
521.jpg,sad
684.jpg,uncertain
1276.jpg,neutral
2906.jpg,contempt
3911.jpg,surprise
3937.jpg,anger
4649.jpg,uncertain
3653.jpg,fear
1160.jpg,surprise
393.jpg,anger
907.jpg,fear
327.jpg,anger
4606.jpg,happy
3239.jpg,uncertain
2624.jpg,anger
1625.jpg,neutral
3067.jpg,surprise
4514.jpg,sad
2654.jpg,surprise
1394.jpg,neutral
651.jpg,anger
2381.jpg,uncertain
2537.jpg,sad
4335.jpg,anger
1230.jpg,contempt
615.jpg,contempt
1190.jpg,contempt
1637.jpg,uncertain
1062.jpg,surprise
4294.jpg,uncertain
4271.jpg,uncertain
2088.jpg,uncertain
894.jpg,uncertain
1485.jpg,contempt
598.jpg,disgust
2335.jpg,surprise
2348.jpg,surprise
1220.jpg,sad
3544.jpg,fear
1985.jpg,anger
4363.jpg,fear
4097.jpg,uncertain
3866.jpg,fear
711.jpg,anger
786.jpg,sad
4501.jpg,fear
980.jpg,contempt
2370.jpg,disgust
2773.jpg,fear
1526.jpg,surprise
1033.jpg,neutral
254.jpg,happy
3683.jpg,neutral
1640.jpg,uncertain
79.jpg,anger
4362.jpg,surprise
2045.jpg,happy
1957.jpg,uncertain
3875.jpg,uncertain
790.jpg,surprise
4083.jpg,happy
3091.jpg,happy
2587.jpg,anger
3576.jpg,surprise
2022.jpg,neutral
3140.jpg,anger
983.jpg,sad
514.jpg,anger
1765.jpg,surprise
4489.jpg,uncertain
4191.jpg,anger
2555.jpg,uncertain
1124.jpg,sad
4370.jpg,surprise
437.jpg,fear
446.jpg,happy
2914.jpg,contempt
224.jpg,fear
3865.jpg,sad
1995.jpg,anger
567.jpg,uncertain
3482.jpg,fear
3458.jpg,sad
4107.jpg,anger
1077.jpg,contempt
1777.jpg,uncertain
1293.jpg,uncertain
1358.jpg,anger
1168.jpg,contempt
2907.jpg,anger
3750.jpg,surprise
1987.jpg,anger
2506.jpg,happy
126.jpg,neutral
4381.jpg,uncertain
1824.jpg,uncertain
3278.jpg,uncertain
891.jpg,anger
834.jpg,uncertain
1169.jpg,sad
905.jpg,contempt
4459.jpg,anger
1546.jpg,anger
414.jpg,anger
3993.jpg,anger
1243.jpg,fear
4617.jpg,sad
4744.jpg,contempt
3701.jpg,happy
4512.jpg,surprise
2854.jpg,sad
4983.jpg,uncertain
4653.jpg,surprise
4923.jpg,surprise
4044.jpg,neutral
4946.jpg,surprise
3665.jpg,sad
2817.jpg,uncertain
534.jpg,sad
3147.jpg,sad
4695.jpg,contempt
3384.jpg,uncertain
2686.jpg,fear
4421.jpg,uncertain
3437.jpg,contempt
943.jpg,sad
4970.jpg,uncertain
2317.jpg,surprise
3183.jpg,contempt
827.jpg,anger
1623.jpg,neutral
1910.jpg,anger
1273.jpg,happy
2015.jpg,anger
551.jpg,happy
2841.jpg,uncertain
3314.jpg,happy
1607.jpg,uncertain
2219.jpg,anger
4728.jpg,uncertain
2619.jpg,surprise
1694.jpg,neutral
76.jpg,fear
4950.jpg,uncertain
3837.jpg,anger
292.jpg,happy
4729.jpg,contempt
1720.jpg,contempt
2824.jpg,disgust
1424.jpg,contempt
3644.jpg,anger
3339.jpg,uncertain
1382.jpg,happy
2159.jpg,neutral
973.jpg,disgust
2852.jpg,contempt
1335.jpg,sad
4947.jpg,sad
3286.jpg,surprise
4810.jpg,neutral
3705.jpg,disgust
2664.jpg,anger
3319.jpg,neutral
1884.jpg,fear
1379.jpg,fear
4835.jpg,happy
2596.jpg,surprise
4733.jpg,anger
959.jpg,surprise
1498.jpg,happy
2966.jpg,happy
4940.jpg,surprise
3505.jpg,anger
3335.jpg,uncertain
546.jpg,uncertain
2940.jpg,happy
3949.jpg,anger
4540.jpg,sad
4002.jpg,contempt
1915.jpg,happy
2952.jpg,sad
4494.jpg,anger
3691.jpg,surprise
2050.jpg,sad
4060.jpg,sad
1316.jpg,sad
3690.jpg,sad
4351.jpg,neutral
846.jpg,happy
858.jpg,surprise
1144.jpg,uncertain
3586.jpg,contempt
4158.jpg,contempt
4831.jpg,contempt
3300.jpg,fear
4003.jpg,sad
4994.jpg,sad
2079.jpg,neutral
1180.jpg,surprise
2973.jpg,anger
4378.jpg,anger
2539.jpg,surprise
7.jpg,neutral
4123.jpg,uncertain
2465.jpg,neutral
3031.jpg,uncertain
1904.jpg,fear
475.jpg,anger
4524.jpg,uncertain
4315.jpg,happy
3266.jpg,neutral
2413.jpg,contempt
3969.jpg,anger
4068.jpg,contempt
3426.jpg,happy
191.jpg,fear
2599.jpg,sad
1302.jpg,anger
2302.jpg,surprise
3620.jpg,uncertain
4895.jpg,anger
755.jpg,anger
835.jpg,neutral
3754.jpg,anger
2804.jpg,surprise
138.jpg,uncertain
4178.jpg,anger
4533.jpg,anger
1043.jpg,fear
2469.jpg,uncertain
4820.jpg,happy
4495.jpg,uncertain
737.jpg,contempt
301.jpg,anger
3351.jpg,sad
4275.jpg,happy
4585.jpg,fear
4877.jpg,fear
473.jpg,fear
3893.jpg,sad
568.jpg,neutral
1224.jpg,contempt
1314.jpg,contempt
3263.jpg,happy
169.jpg,uncertain
4406.jpg,fear
819.jpg,happy
1165.jpg,surprise
2223.jpg,anger
619.jpg,disgust
1146.jpg,surprise
4789.jpg,anger
4944.jpg,surprise
3524.jpg,happy
4926.jpg,anger
1574.jpg,contempt
1078.jpg,surprise
2530.jpg,uncertain
2913.jpg,uncertain
209.jpg,uncertain
2712.jpg,disgust
329.jpg,surprise
371.jpg,sad
1149.jpg,fear
1089.jpg,uncertain
3259.jpg,happy
800.jpg,neutral
821.jpg,sad
20.jpg,contempt
4834.jpg,surprise
2743.jpg,surprise
3515.jpg,anger
511.jpg,uncertain
3674.jpg,fear
4767.jpg,happy
3329.jpg,fear
4034.jpg,uncertain
4608.jpg,uncertain
1955.jpg,sad
2820.jpg,uncertain
1195.jpg,sad
4876.jpg,uncertain
1159.jpg,uncertain
2124.jpg,neutral
2836.jpg,neutral
4086.jpg,contempt
2112.jpg,disgust
3704.jpg,neutral
4032.jpg,anger
756.jpg,happy
4623.jpg,fear
4422.jpg,anger
4198.jpg,surprise
1792.jpg,uncertain
69.jpg,uncertain
2068.jpg,anger
4905.jpg,anger
1038.jpg,anger
4298.jpg,anger
4426.jpg,happy
760.jpg,neutral
2319.jpg,sad
4223.jpg,fear
1152.jpg,anger
397.jpg,fear
1817.jpg,sad
2831.jpg,uncertain
1708.jpg,sad
1949.jpg,neutral
109.jpg,sad
1534.jpg,contempt
985.jpg,surprise
3059.jpg,anger
4181.jpg,contempt
3419.jpg,disgust
799.jpg,anger
2196.jpg,contempt
4506.jpg,fear
2407.jpg,fear
2561.jpg,surprise
4357.jpg,anger
4628.jpg,fear
1614.jpg,contempt
3262.jpg,surprise
1797.jpg,anger
206.jpg,contempt
857.jpg,neutral
429.jpg,anger
1846.jpg,surprise
3013.jpg,neutral
1361.jpg,neutral
1761.jpg,uncertain
2478.jpg,sad
1334.jpg,sad
820.jpg,happy
4573.jpg,sad
2861.jpg,neutral
3092.jpg,surprise
4652.jpg,surprise
306.jpg,contempt
116.jpg,contempt
1456.jpg,sad
3414.jpg,sad
4211.jpg,sad
4057.jpg,uncertain
22.jpg,anger
2176.jpg,uncertain
665.jpg,anger
2130.jpg,uncertain
2814.jpg,fear
198.jpg,surprise
3521.jpg,anger
1598.jpg,happy
1477.jpg,uncertain
3836.jpg,neutral
1504.jpg,contempt
4689.jpg,surprise
1961.jpg,anger
125.jpg,uncertain
2655.jpg,happy
2069.jpg,anger
579.jpg,uncertain
1194.jpg,uncertain
4862.jpg,contempt
1930.jpg,sad
2211.jpg,surprise
4080.jpg,uncertain
4898.jpg,neutral
1566.jpg,happy
1589.jpg,uncertain
4880.jpg,neutral
4520.jpg,anger
1996.jpg,sad
2646.jpg,neutral
2769.jpg,neutral
1479.jpg,fear
1582.jpg,surprise
1321.jpg,uncertain
1984.jpg,neutral
4821.jpg,uncertain
3968.jpg,anger
4956.jpg,contempt
4066.jpg,sad
4035.jpg,disgust
3904.jpg,neutral
3900.jpg,neutral
3166.jpg,uncertain
1938.jpg,neutral
3089.jpg,surprise
2540.jpg,sad
793.jpg,anger
1083.jpg,anger
2345.jpg,fear
3855.jpg,fear
208.jpg,surprise
1448.jpg,fear
1784.jpg,surprise
1636.jpg,contempt
845.jpg,uncertain
1373.jpg,uncertain
3064.jpg,sad
1052.jpg,surprise
2023.jpg,sad
3197.jpg,anger
2839.jpg,fear
4103.jpg,fear
2515.jpg,surprise
160.jpg,happy
2380.jpg,uncertain
1962.jpg,fear
2184.jpg,uncertain
396.jpg,fear
1131.jpg,surprise
862.jpg,surprise
4755.jpg,contempt
1550.jpg,surprise
4220.jpg,uncertain
4474.jpg,neutral
4339.jpg,anger
3039.jpg,neutral
3387.jpg,neutral
4743.jpg,uncertain
3077.jpg,happy
3227.jpg,sad
3919.jpg,disgust
4589.jpg,sad
2449.jpg,anger
2760.jpg,sad
2002.jpg,neutral
4992.jpg,neutral
522.jpg,surprise
3801.jpg,anger
880.jpg,surprise
4246.jpg,neutral
1101.jpg,happy
545.jpg,sad
625.jpg,fear
3659.jpg,anger
4128.jpg,uncertain
3619.jpg,anger
1770.jpg,fear
3635.jpg,sad
1274.jpg,happy
719.jpg,anger
1832.jpg,sad
3971.jpg,surprise
532.jpg,anger
4327.jpg,happy
4218.jpg,surprise
4355.jpg,anger
4584.jpg,sad
2214.jpg,contempt
4072.jpg,uncertain
3139.jpg,neutral
1766.jpg,sad
135.jpg,surprise
917.jpg,anger
3946.jpg,anger
1461.jpg,happy
2479.jpg,fear
826.jpg,happy
2803.jpg,uncertain
1132.jpg,fear
3567.jpg,surprise
1795.jpg,happy
893.jpg,uncertain
2685.jpg,fear
2140.jpg,sad
1217.jpg,sad
1325.jpg,surprise
3012.jpg,fear
4249.jpg,anger
335.jpg,neutral
4358.jpg,happy
4137.jpg,fear
3536.jpg,sad
3279.jpg,contempt
2698.jpg,happy
3131.jpg,fear
63.jpg,neutral
4279.jpg,uncertain
1090.jpg,surprise
3229.jpg,anger
2066.jpg,contempt
1443.jpg,surprise
1066.jpg,uncertain
3656.jpg,contempt
3078.jpg,uncertain
2809.jpg,contempt
61.jpg,neutral
2464.jpg,anger
1799.jpg,happy
4917.jpg,sad
884.jpg,anger
2981.jpg,sad
1226.jpg,contempt
2207.jpg,sad
3646.jpg,happy
4252.jpg,anger
2935.jpg,sad
4296.jpg,uncertain
1483.jpg,uncertain
4305.jpg,anger
621.jpg,sad
2172.jpg,anger
3915.jpg,anger
3231.jpg,sad
4620.jpg,sad
4849.jpg,sad
4576.jpg,neutral
2985.jpg,surprise
1241.jpg,anger
3657.jpg,anger
3901.jpg,happy
3320.jpg,sad
1764.jpg,anger
3141.jpg,anger
3392.jpg,sad
942.jpg,anger
4364.jpg,fear
1575.jpg,uncertain
1392.jpg,neutral
1506.jpg,happy
175.jpg,sad
966.jpg,anger
1786.jpg,fear
3732.jpg,contempt
2722.jpg,neutral
4318.jpg,uncertain
4818.jpg,neutral
1048.jpg,contempt
3152.jpg,uncertain
3480.jpg,surprise
1906.jpg,anger
2905.jpg,sad
3158.jpg,contempt
1783.jpg,neutral
2352.jpg,uncertain
504.jpg,fear
573.jpg,happy
681.jpg,anger
1510.jpg,fear
1505.jpg,anger
1471.jpg,uncertain
4528.jpg,uncertain
2699.jpg,anger
564.jpg,disgust
4329.jpg,surprise
177.jpg,anger
3500.jpg,surprise
3986.jpg,uncertain
4167.jpg,disgust
3753.jpg,anger
885.jpg,fear
674.jpg,disgust
3740.jpg,fear
1128.jpg,uncertain
359.jpg,happy
4999.jpg,contempt
311.jpg,uncertain
1839.jpg,sad
3848.jpg,fear
34.jpg,fear
4099.jpg,fear
2864.jpg,sad
953.jpg,surprise
1441.jpg,uncertain
3060.jpg,surprise
2974.jpg,surprise
732.jpg,surprise
1665.jpg,happy
406.jpg,happy
1544.jpg,surprise
617.jpg,anger
1200.jpg,anger
2010.jpg,disgust
701.jpg,surprise
1428.jpg,surprise
4517.jpg,disgust
4785.jpg,sad
4797.jpg,happy
1042.jpg,anger
1800.jpg,anger
1494.jpg,anger
1670.jpg,fear
4518.jpg,neutral
530.jpg,anger
1657.jpg,disgust
4690.jpg,uncertain
2089.jpg,uncertain
4720.jpg,surprise
2443.jpg,sad
2148.jpg,happy
939.jpg,uncertain
4684.jpg,anger
4739.jpg,neutral
2.jpg,sad
1768.jpg,surprise
2550.jpg,fear
36.jpg,uncertain
4865.jpg,disgust
1242.jpg,uncertain
1070.jpg,contempt
2082.jpg,sad
1183.jpg,happy
3265.jpg,anger
4202.jpg,neutral
3788.jpg,sad
1255.jpg,anger
3107.jpg,sad
4235.jpg,happy
4127.jpg,surprise
661.jpg,uncertain
89.jpg,surprise
1951.jpg,happy
4969.jpg,happy
2584.jpg,sad
1700.jpg,happy
1466.jpg,happy
3577.jpg,surprise
25.jpg,anger
1244.jpg,happy
3007.jpg,surprise
3494.jpg,uncertain
2665.jpg,sad
1528.jpg,anger
